,ID,Title,Trans_Title,Content,Time,Source,Link,Want,has_read,read_later,tags
0,2023,瑞幸涨价，“背刺”返乡打工人,瑞幸漲價，“背刺”返鄉打工人,咖啡行業的價格戰，會就此結束嗎？,2025-02-01 16:01:21,36kr,https://36kr.com/p/3147329369578241,1,0,0,
1,1989,出货量暴跌10.3％！XR行业寒气逼人，AI成了救命稻草？,出貨量暴跌10.3％！XR行業寒氣逼人，AI成了救命稻草？,最大問題是缺乏殺手鐧應用。,2025-02-01 14:31:56,36kr,https://36kr.com/p/3146561161362945,1,0,0,
2,1969,最吸金的生物医药赛道，陷入混战中？,最吸金的生物醫藥賽道，陷入混戰中？,基因與細胞治療仍然是一級市場上最熱門的投資賽道。,2025-02-01 13:36:00,36kr,https://36kr.com/p/3145898183564041,1,0,0,
3,1879,这个春节，美国赌城全是中国AI投资人,這個春節，美國賭城全是中國AI投資人,從宏觀敘事到理性務實,2025-02-01 11:25:59,36kr,https://36kr.com/p/3147443075635712,1,0,0,
4,1875,身价暴涨50倍，00后过年，把“菜场配角”捧上客厅C位,身價暴漲50倍，00後過年，把“菜場配角”捧上客廳C位,好菜頭，好彩頭。,2025-02-01 11:14:09,36kr,https://36kr.com/p/3146699404515847,1,0,0,
5,1872,“特朗普2.0”，重构全球资产价格,“特朗普2.0”，重構全球資產價格,特朗普關稅政策若落地，或衝擊中國外貿出口，進而影響中國“經常項目順差、資本項目逆差”的格局。但也不需過度緊張，中國有足夠的政策工具減輕特朗普衝擊的影響,2025-02-01 11:08:13,36kr,https://36kr.com/p/3146010328521219,1,0,0,
6,1868,“特朗普2.0”重构全球资产价格｜年度精选,“特朗普2.0”重構全球資產價格｜年度精選,特朗普關稅政策若落地，或衝擊中國外貿出口，進而影響中國“經常項目順差、資本項目逆差”的格局。但也不需過度緊張，中國有足夠的政策工具減輕特朗普衝擊的影響,2025-02-01 11:07:37,36kr,https://36kr.com/p/3146010328521219,1,0,0,
7,1866,不回家的一线打工人，在非遗小城寻找年味儿,不回家的一線打工人，在非遺小城尋找年味兒,最新旅遊思路：找年味兒,2025-02-01 11:05:57,36kr,https://36kr.com/p/3145151908305666,1,0,0,
8,1865,光伏投资人众生相：从遍地黄金到如履薄冰，“天天说价格打不过别人”,光伏投資人眾生相：從遍地黃金到如履薄冰，“天天說價格打不過別人”,錢越來越“難搞”了,2025-02-01 11:02:47,36kr,https://36kr.com/p/3146108357876487,1,0,0,
9,1851,沉迷“寻宝”的东南亚人，把这款出海App干上总榜Top1,沉迷“尋寶”的東南亞人，把這款出海App幹上總榜Top1,打開地圖社交的想象空間。,2025-02-01 10:39:08,36kr,https://36kr.com/p/3146716012796673,1,0,0,
10,1850,特斯拉：AI 叙事继续狂飙（4Q24 业绩会纪要）,特斯拉：AI 敘事繼續狂飆（4Q24 業績會紀要）,詳見長橋App。,2025-02-01 10:39:06,36kr,https://36kr.com/p/3146025023150600,1,0,0,
11,1843,对 Deepseek 从赞叹到压制，硅谷为何一周内变脸,對 Deepseek 從讚歎到壓制，硅谷為何一週內變臉,開放，才是真正的未來。,2025-02-01 10:34:13,36kr,https://36kr.com/p/3146127487080969,1,0,0,
12,1842,春节档背后资本博弈：21亿接盘“保护”《唐探》，30亿豪赌《封神》，谁是大赢家？,春節檔背後資本博弈：21億接盤“保護”《唐探》，30億豪賭《封神》，誰是大贏家？,你看好哪部？,2025-02-01 10:34:10,36kr,https://36kr.com/p/3146126532139782,1,0,0,
13,1834,沉迷“寻宝”的东南亚人，把这款出海App干上总榜Top1｜对话创始人,沉迷“尋寶”的東南亞人，把這款出海App幹上總榜Top1｜對話創始人,打開地圖社交的想象空間。,2025-02-01 10:22:48,36kr,https://36kr.com/p/3146716012796673,1,0,0,
14,1833,抠门的年轻人，让深圳水贝开卖黄金平替,摳門的年輕人，讓深圳水貝開賣黃金平替,金價飆升下的深圳水貝，奮力抓住年輕人。,2025-02-01 10:22:46,36kr,https://36kr.com/p/3146582711926281,1,0,0,
15,1826,春节县城医美火了，有机构4.3折起抢客,春節縣城醫美火了，有機構4.3折起搶客,“打工人”回鄉帶火縣城美業。,2025-02-01 10:08:48,36kr,https://36kr.com/p/3146223076989442,1,0,0,
16,1825,连锁酒店冲向小众城市：潮汕春节爆单，泉州半年开业超20家,連鎖酒店衝向小眾城市：潮汕春節爆單，泉州半年開業超20家,連鎖酒店房價趕超2000元。,2025-02-01 10:08:43,36kr,https://36kr.com/p/3146223050840832,1,0,0,
17,1823,金庸的时代，还在吗？,金庸的時代，還在嗎？,金庸的時代，時代的金庸。,2025-02-01 10:05:00,36kr,https://36kr.com/p/3146553225796103,1,0,0,
18,1821,苹果：大模型“瘦身”，硬件成最后赢家？,蘋果：大模型“瘦身”，硬件成最後贏家？,蘋果本次財報整體還不錯，市場的顧慮已經被提前消化，公司也沒交出“更差”的表現。,2025-02-01 10:02:58,36kr,https://36kr.com/p/3146025063996166,1,0,0,
19,1819,重磅！OpenAI推o3-mini新模型，被DeepSeek逼急？定价仍打不过,重磅！OpenAI推o3-mini新模型，被DeepSeek逼急？定價仍打不過,高質AI推理模型走向普及。,2025-02-01 09:48:07,36kr,https://36kr.com/p/3147159755004679,1,0,0,
20,1808,年轻人接管春节后，开始定制“好运”了,年輕人接管春節後，開始定製“好運”了,新的一年，祝大家好運爆棚！,2025-02-01 09:03:53,36kr,https://36kr.com/p/3146067940071941,1,0,0,
21,1807,2025年，不要给自己设定太清晰的目标,2025年，不要給自己設定太清晰的目標,重新思考目標：非線性目標設定的科學。,2025-02-01 09:03:51,36kr,https://36kr.com/p/3118113467273472,1,0,0,
22,1806,8000亿，2025年美股第一大能源IPO要来了,8000億，2025年美股第一大能源IPO要來了,能源賽道，要迎來一大猛將,2025-02-01 09:03:49,36kr,https://36kr.com/p/3146017524538119,1,0,0,
23,1780,DeepSeek在美两重天：五大巨头接入，政府诚惶诚恐,DeepSeek在美兩重天：五大巨頭接入，政府誠惶誠恐,DeepSeek遭美國多部門牽頭抵制，科技巨頭擁抱入懷。,2025-02-01 08:10:00,36kr,https://36kr.com/p/3146488102656514,1,0,0,
24,1667,2025，史上最强春节档？,2025，史上最強春節檔？,.,2025-01-31 17:48:44,36kr,https://36kr.com/p/3144470037617154,1,0,0,
25,1615,清华翟季冬：DeepSeek 百倍算力效能背后的系统革命 | 智者访谈,清華翟季冬：DeepSeek 百倍算力效能背後的系統革命 | 智者訪談,中美硬件差異下的算力突圍,2025-01-31 15:31:18,36kr,https://36kr.com/p/3144835983071750,1,0,0,
26,1412,从神话仙侠剧到恐怖惊悚片，为何都偏爱让蛇当主角？,從神話仙俠劇到恐怖驚悚片，為何都偏愛讓蛇當主角？,熒屏上各種與蛇相關的角色或妖或仙，或美豔魅惑或可愛無爭，經過長久發展，在不斷的加工、改編和完善中逐漸形成了一種獨特的“蛇妖”文化，也衍生出眾多耳熟能詳的經典形象。,2025-01-31 12:23:38,36kr,https://36kr.com/p/3144821538619144,1,0,0,
27,1404,171项专利，撑起了一个33亿IPO,171項專利，撐起了一個33億IPO,蘇州，又要誕生一個IPO。,2025-01-31 12:04:07,36kr,https://36kr.com/p/3144947090201344,1,0,0,
28,1401,离开春晚12年，赵本山还好吗？,離開春晚12年，趙本山還好嗎？,“人生沒有僥倖，也沒有那些必然”。,2025-01-31 11:58:11,36kr,https://36kr.com/p/3144956882262789,1,0,0,
29,1394,我在县城创业13年，让家人过上了向往的生活｜小城创客,我在縣城創業13年，讓家人過上了嚮往的生活｜小城創客,“就想自己創業，趁年輕先做了再說，大不了失敗重來。”,2025-01-31 11:45:00,36kr,https://36kr.com/p/3145091743783686,1,0,0,
30,1391,回家过年的“精英们”，挤爆镇上的KTV,回家過年的“精英們”，擠爆鎮上的KTV,“親民生意”表現出頑強的生命力。,2025-01-31 11:41:01,36kr,https://36kr.com/p/3145901837712902,1,0,0,
31,1390,开30万的电动车回老家，被BBA“鄙视”了,開30萬的電動車回老家，被BBA“鄙視”了,以前越貴越有面子，現在不一定。,2025-01-31 11:37:50,36kr,https://36kr.com/p/3145974776896005,1,0,0,
32,1387,电池跟弹夹一样换，这机子太野了,電池跟彈夾一樣換，這機子太野了,這屆年輕人愛上硬件整活。,2025-01-31 11:32:15,36kr,https://36kr.com/p/3146029578984198,1,0,0,
33,1386,电池跟弹夹一样换，这机子太野了！,電池跟彈夾一樣換，這機子太野了！,這屆年輕人愛上硬件整活。,2025-01-31 11:30:35,36kr,https://36kr.com/p/3146029578984198,1,0,0,
34,1385,《哪吒》逆袭，《射雕》降温：春节档背后的生死战,《哪吒》逆襲，《射鵰》降溫：春節檔背後的生死戰,觀眾會買賬嗎？,2025-01-31 11:28:47,36kr,https://36kr.com/p/3144542038628866,1,0,0,
35,1382,今年杭州最火独角兽,今年杭州最火獨角獸,今年杭州最火獨角獸,2025-01-31 11:23:50,36kr,https://36kr.com/p/3144890438670853,1,0,0,
36,1368,银行卡一碰手机钱没了？这种NFC新骗局要小心了！,銀行卡一碰手機錢沒了？這種NFC新騙局要小心了！,NFC詐騙如何防？,2025-01-31 10:53:39,36kr,https://36kr.com/p/3143671575723777,1,0,0,
37,1364,春晚和B站之间，差着亿万年轻人,春晚和B站之間，差著億萬年輕人,不是不想變，而是不能變,2025-01-31 10:45:50,36kr,https://36kr.com/p/3144053567815424,1,0,0,
38,1361,「唐探」十年：从唐人街出发，找去世界的路,「唐探」十年：從唐人街出發，找去世界的路,讓世界的唐人街回到中國,2025-01-31 10:25:18,36kr,https://36kr.com/p/3145378670526208,1,0,0,
39,1356,乙巳蛇年春节选择“分段游”，这届打工人与“携程们”渐行渐近,乙巳蛇年春節選擇“分段遊”，這屆打工人與“攜程們”漸行漸近,乙巳蛇年來了，打工人正式開啟過年模式。,2025-01-31 10:13:52,36kr,https://36kr.com/p/3145396460240385,1,0,0,
40,1355,谁是春晚上的大赢家？,誰是春晚上的大贏家？,科技企業，正在變化中嗅到新商機。,2025-01-31 10:07:59,36kr,https://36kr.com/p/3144725655125768,1,0,0,
41,1353,年轻人的新年，被二次元手工硬控,年輕人的新年，被二次元手工硬控,從“吃谷”到“種穀”,2025-01-31 10:03:00,36kr,https://36kr.com/p/3145238974053896,1,0,0,
42,1344,从剑桥词典年度热词“Manifest”看目标的实现方式,從劍橋詞典年度熱詞“Manifest”看目標的實現方式,不要犯蠢，不要犯懶。,2025-01-31 09:01:12,36kr,https://36kr.com/p/3115577874223369,1,0,0,
43,1269,特朗普都惊呼中国新公司的灵活，我们还能学习什么？,特朗普都驚呼中國新公司的靈活，我們還能學習什麼？,進化是唯一的方向。,2025-01-30 19:52:08,36kr,https://36kr.com/p/3142032131037960,1,0,0,
44,1228,硅谷掀桌！DeepSeek遭OpenAI和Anthropic围剿，美国网友都看不下去了,硅谷掀桌！DeepSeek遭OpenAI和Anthropic圍剿，美國網友都看不下去了,OpenAI拒絕進一步置評,2025-01-30 15:31:14,36kr,https://36kr.com/p/3144853084871433,1,0,0,
45,1210,开年最大IPO敲钟了，570亿,開年最大IPO敲鐘了，570億,新年第一個IPO。,2025-01-30 14:18:15,36kr,https://36kr.com/p/3144538996054786,1,0,0,
46,1207,11年票房超78亿！“男主角”家喻户晓，春节档没它不完整？,11年票房超78億！“男主角”家喻戶曉，春節檔沒它不完整？,中新經緯，精英的財經資訊。,2025-01-30 14:04:23,36kr,https://36kr.com/p/3143821471898116,1,0,0,
47,1201,春晚带火一大波同款，有爆品全网热卖上千万元,春晚帶火一大波同款，有爆品全網熱賣上千萬元,一年一度、眾星璀璨的“帶貨類”節目上線。,2025-01-30 13:24:44,36kr,https://36kr.com/p/3143835920947712,1,0,0,
48,1198,1.6万亿！微信「蓝包」的野心，藏不住了？,1.6萬億！微信「藍包」的野心，藏不住了？,今年過年，你用微信送禮了嗎？,2025-01-30 13:03:04,36kr,https://36kr.com/p/3143811311819527,1,0,0,
49,1174,过个年，有多少家庭因洗碗机而吵架？,過個年，有多少家庭因洗碗機而吵架？,過年家裡誰洗碗？,2025-01-30 12:15:35,36kr,https://36kr.com/p/3144542456912647,1,0,0,
50,1171,DeepSeek遭美大规模网络攻击，美方反应引发热议,DeepSeek遭美大規模網絡攻擊，美方反應引發熱議,AI競爭加劇下的一次“數字戰場交鋒”？,2025-01-30 12:00:17,36kr,https://36kr.com/p/3143378890440193,1,0,0,
51,1155,年货“C位”之战，卷起新变化,年貨“C位”之戰，捲起新變化,休閒零食的春節戰事。,2025-01-30 11:07:11,36kr,https://36kr.com/p/3143817214663433,1,0,0,
52,1150,“DeepSeek甚至绕过了CUDA”，工程师灵魂提问：英伟达护城河还在吗？,“DeepSeek甚至繞過了CUDA”，工程師靈魂提問：英偉達護城河還在嗎？,“嫌CUDA太慢用匯編，量化交易員才幹得出這事”,2025-01-30 10:56:55,36kr,https://36kr.com/p/3143877560589065,1,0,0,
53,1145,海底捞如何培养百万年薪店长？,海底撈如何培養百萬年薪店長？,海底撈復刻海底撈。,2025-01-30 10:33:51,36kr,https://36kr.com/p/3140471061912327,1,0,0,
54,1130,人工智能也会骗人了，这是否是更高智能的体现？,人工智能也會騙人了，這是否是更高智能的體現？,人工智能就像人類的一面鏡子。,2025-01-30 09:56:16,36kr,https://36kr.com/p/3129680244185096,1,0,0,
55,1129,AI“硬控”拜年,AI“硬控”拜年,今年拜年，你用上AI了嗎？,2025-01-30 09:56:13,36kr,https://36kr.com/p/3143094561741320,1,0,0,
56,1128,蒋凡上春晚,蔣凡上春晚,延續與黃崢的雙雄之戰。,2025-01-30 09:56:11,36kr,https://36kr.com/p/3143754704994052,1,0,0,
57,1127,国产动画，都有谁在看啊？,國產動畫，都有誰在看啊？,一聲“同擔”你會懂。,2025-01-30 09:56:09,36kr,https://36kr.com/p/3143549954244354,1,0,0,
58,1126,背水一战：春节档电影含“金”量爆棚,背水一戰：春節檔電影含“金”量爆棚,2025年春節檔，頭部電影公司背水一戰。,2025-01-30 09:56:07,36kr,https://36kr.com/p/3143296520076804,1,0,0,
59,1125,净利骤降超98％，晶科能源凛冬已至,淨利驟降超98％，晶科能源凜冬已至,淨利驟降超98%！晶科能源，凜冬已至,2025-01-30 09:56:05,36kr,https://36kr.com/p/3143247417720322,1,0,0,
60,1124,减肥药企业Metsera冲刺纳斯达克：估值18亿美元，路演PPT曝光,減肥藥企業Metsera衝刺納斯達克：估值18億美元，路演PPT曝光,Metsera發行區間為15美元到17美元，發行1718.75萬股，最高募資2.9億美元。,2025-01-30 09:56:03,36kr,https://36kr.com/p/3142039131970307,1,0,0,
61,1123,OpenAI首席研究官：DeepSeek独立发现了o1的一些核心思路，奥特曼、LeCun纷纷置评,OpenAI首席研究官：DeepSeek獨立發現了o1的一些核心思路，奧特曼、LeCun紛紛置評,Yann LeCun：市場對於 DeepSeek 的成本反應並不合理。,2025-01-30 09:56:02,36kr,https://36kr.com/p/3143806457797121,1,0,0,
62,1045,做家教、当网红…连券商首席都去陪滑雪，金融圈疯狂搞副业有多卷？,做家教、當網紅…連券商首席都去陪滑雪，金融圈瘋狂搞副業有多卷？,新的一年，最重要的是搞錢。,2025-01-29 17:16:38,36kr,https://36kr.com/p/3141879017413376,1,0,0,
63,1036,铁打男主持流水女主持，春晚如何捧出新“花旦”？,鐵打男主持流水女主持，春晚如何捧出新“花旦”？,綜藝主持霸屏時間短，迭代速度快,2025-01-29 16:49:39,36kr,https://36kr.com/p/3141892863089413,1,0,0,
64,1014,为了「那一口」，我必须回家过年,為了「那一口」，我必須回家過年,舌尖上是歲月的味道,2025-01-29 15:32:38,36kr,https://36kr.com/p/3141942553057795,1,0,0,
65,1010,手术机器人，走过最艰难一年,手術機器人，走過最艱難一年,2025年手術機器人市場，會回暖嗎？,2025-01-29 15:15:26,36kr,https://36kr.com/p/3143055022889474,1,0,0,
66,1008,儒意控股募资近39亿港元：阳光人寿与TFI加持 腾讯为二股东,儒意控股募資近39億港元：陽光人壽與TFI加持 騰訊為二股東,騰訊仍為二股東，陽光人壽持股增至7%。,2025-01-29 15:09:36,36kr,https://36kr.com/p/3142038765935363,1,0,0,
67,1005,小红书的“成名时刻”已经过去,小紅書的“成名時刻”已經過去,別忘了我啊,2025-01-29 14:32:08,36kr,https://36kr.com/p/3142047266806536,1,0,0,
68,998,我们用DeepSeek分析迅雷5亿收购虎扑，结果……,我們用DeepSeek分析迅雷5億收購虎撲，結果……,AI的觀點前所未有地具有啟發性，但我們會被AI主導思考嗎？,2025-01-29 13:32:13,36kr,https://36kr.com/p/3142052344404742,1,0,0,
69,988,两家大厂投了一家3D生成大模型公司｜WAVES,兩家大廠投了一家3D生成大模型公司｜WAVES,美團字節同時投資。,2025-01-29 12:56:33,36kr,https://36kr.com/p/3123508311218182,1,0,0,
70,987,两位科学家关于AI for science的开年演讲,兩位科學家關於AI for science的開年演講,探討AI智能的本質及教育變革。,2025-01-29 12:55:48,36kr,https://36kr.com/p/3123514131781633,1,0,0,
71,974,年轻人的年夜饭，拼着吃,年輕人的年夜飯，拼著吃,該省省，該花花。,2025-01-29 12:16:23,36kr,https://36kr.com/p/3143043651878405,1,0,0,
72,954,巅峰77亿的虎扑如今只值5亿？这是误解,巔峰77億的虎撲如今只值5億？這是誤解,一次被誤讀的收購。,2025-01-29 11:10:03,36kr,https://36kr.com/p/3143179978742528,1,0,0,
73,953,缺席春晚13年，赵本山去哪儿了？,缺席春晚13年，趙本山去哪兒了？,現在小品不好看，都賴趙本山,2025-01-29 11:08:36,36kr,https://36kr.com/p/3143087498828295,1,0,0,
74,950,春节“出海”东南亚：中国年货成必备年味,春節“出海”東南亞：中國年貨成必備年味,年貨還是要看中國製造,2025-01-29 11:00:43,36kr,https://36kr.com/p/3142116948950528,1,0,0,
75,945,DeepSeek“小力出奇迹”,DeepSeek“小力出奇跡”,DeepSeek，字節“破壁人”。,2025-01-29 10:36:21,36kr,https://36kr.com/p/3142363392612869,1,0,0,
76,937,春节“断货王”：有商家月销几万单，有商家复购率80％,春節“斷貨王”：有商家月銷幾萬單，有商家復購率80％,一代人有一代人的“年味”。,2025-01-29 10:16:29,36kr,https://36kr.com/p/3141766058367747,1,0,0,
77,936,梁文锋“反对”张一鸣,梁文鋒“反對”張一鳴,DeepSeek，字節“破壁人”。,2025-01-29 10:16:27,36kr,https://36kr.com/p/3142363392612869,1,0,0,
78,935,2025蛇年春节，要舒适，也要爽玩！,2025蛇年春節，要舒適，也要爽玩！,這個春節怎麼過？,2025-01-29 10:16:25,36kr,https://36kr.com/p/3142161001880064,1,0,0,
79,934,史上最强春节档，谁是最大赢家？,史上最強春節檔，誰是最大贏家？,票房冠軍花落誰家？,2025-01-29 10:16:23,36kr,https://36kr.com/p/3141986994854658,1,0,0,
80,933,DeepSeek砍掉英伟达台积电5万亿市值！登五大外媒头版，OpenAI急得发预告,DeepSeek砍掉英偉達臺積電5萬億市值！登五大外媒頭版，OpenAI急得發預告,硅谷地震，華爾街變天。,2025-01-29 10:16:21,36kr,https://36kr.com/p/3141910591789577,1,0,0,
81,932,总统支持率越低，美股表现越好？,總統支持率越低，美股表現越好？,總統支持率與美股表現存在反相關關係。目前特朗普的支持率較低，處於利好美股創造高於平均水平回報率的最佳位置。,2025-01-29 10:16:20,36kr,https://36kr.com/p/3141882665278213,1,0,0,
82,931,“无印良品”要在中国开低价格店,“無印良品”要在中國開低價格店,時間在2025年夏天,2025-01-29 10:16:18,36kr,https://36kr.com/p/3141684362107401,1,0,0,
83,930,淘宝抖音美团组团抄作业，都想挤进微信关系圈,淘寶抖音美團組團抄作業，都想擠進微信關係圈,張小龍送你一份心意。,2025-01-29 10:16:16,36kr,https://36kr.com/p/3142320627973892,1,0,0,
84,929,拯救 i 人，试试 AI 拜年？,拯救 i 人，試試 AI 拜年？,AI春節，整活新方式。,2025-01-29 10:16:14,36kr,https://36kr.com/p/3142228081990148,1,0,0,
85,928,新华保险持续接盘王健林旗下资产，大规模收购万达广场意欲何为？,新華保險持續接盤王健林旗下資產，大規模收購萬達廣場意欲何為？,險資發力不動產,2025-01-29 10:16:11,36kr,https://36kr.com/p/3142154618994178,1,0,0,
86,923,帕累托原则：重新掌控你的时间,帕累託原則：重新掌控你的時間,你想要的大部分成果只來自於一小部分的努力。,2025-01-29 09:01:45,36kr,https://36kr.com/p/3128282510907652,1,0,0,
87,875,医美市场，没有资本寒冬,醫美市場，沒有資本寒冬,投融資活躍度不降反增。,2025-01-28 18:02:09,36kr,https://36kr.com/p/3141638535650051,1,0,0,
88,871,疗愈经济崛起，跑出八大创新业态,療愈經濟崛起，跑出八大創新業態,一場從內到外的精神“治”富,2025-01-28 17:33:25,36kr,https://36kr.com/p/3140369231871495,1,0,0,
89,863,刚需消费、向下消费，县城春节消费迎巨变,剛需消費、向下消費，縣城春節消費迎鉅變,下沉市場的需求更加細分了。,2025-01-28 16:59:08,36kr,https://36kr.com/p/3140428076030726,1,0,0,
90,854,Deepseek又出连招：刚发布了超越DALL-E3的多模态模型,Deepseek又出連招：剛發佈了超越DALL-E3的多模態模型,春節不休息，震撼不停止。,2025-01-28 16:13:17,36kr,https://36kr.com/p/3142062147967492,1,0,0,
91,851,春节手机摄影自救指南：让你在朋友圈脱颖而出,春節手機攝影自救指南：讓你在朋友圈脫穎而出,要拍照的事可不少,2025-01-28 16:02:24,36kr,https://36kr.com/p/3140461613259527,1,0,0,
92,844,“省服”，硬控年轻人的过年新衣,“省服”，硬控年輕人的過年新衣,土到極致就是潮。,2025-01-28 15:36:37,36kr,https://36kr.com/p/3140848575643401,1,0,0,
93,830,德国车在华节节败退：保时捷销量大跌三成，奔驰下调利润目标，大众拉响警报,德國車在華節節敗退：保時捷銷量大跌三成，奔馳下調利潤目標，大眾拉響警報,奔馳CEO率先呼籲，歐盟應鼓勵中國車企赴歐建廠,2025-01-28 15:04:50,36kr,https://36kr.com/p/3140466096364293,1,0,0,
94,717,给猫狗吃的满汉全席年夜饭，到底是谁在买啊,給貓狗吃的滿漢全席年夜飯，到底是誰在買啊,今年“寵物年夜飯”爆火，更讓“它經濟”變成新消費行業的香餑餑。,2025-01-28 11:37:12,36kr,https://36kr.com/p/3141705949551360,1,0,0,
95,707,杰文斯悖论：DeepSEEK干掉英伟达5888亿美元,傑文斯悖論：DeepSEEK幹掉英偉達5888億美元,好一朵美麗的鬱金香？,2025-01-28 11:19:18,36kr,https://36kr.com/p/3141634467584518,1,0,0,
96,700,DeepSeek给普通人的启示,DeepSeek給普通人的啟示,兩種學習模式,2025-01-28 11:07:48,36kr,https://36kr.com/p/3141614144166665,1,0,0,
97,667,一场关于DeepSeek的高质量闭门会：比技术更重要的是愿景,一場關於DeepSeek的高質量閉門會：比技術更重要的是願景,“聽說梁文鋒自己也會打標籤。”,2025-01-28 10:19:30,36kr,https://36kr.com/p/3141715787979520,1,0,0,
98,654,字节跳动，带头卷大厂健身福利,字節跳動，帶頭卷大廠健身福利,被低估的企業健康生意。,2025-01-28 10:04:25,36kr,https://36kr.com/p/3140945381612295,1,0,0,
99,637,全球市场吓坏了！,全球市場嚇壞了！,避險資產成了香餑餑,2025-01-28 09:13:37,36kr,https://36kr.com/p/3140887203469824,1,0,0,
100,636,春节红包战静悄悄，大厂为何不再“撒钱”？,春節紅包戰靜悄悄，大廠為何不再“撒錢”？,從180億縮水到34億。,2025-01-28 09:12:05,36kr,https://36kr.com/p/3140890259806985,1,0,0,
101,635,在B站考古春晚，年轻人回到自己“还没有变成毒妇的时候”,在B站考古春晚，年輕人回到自己“還沒有變成毒婦的時候”,我懷念的,2025-01-28 09:12:03,36kr,https://36kr.com/p/3140966106536706,1,0,0,
102,634,短剧春节档：近2000部角逐！小红书，爱奇艺，腾讯视频…这一赛道被重点加码？,短劇春節檔：近2000部角逐！小紅書，愛奇藝，騰訊視頻…這一賽道被重點加碼？,短劇“霸總”比我先回村過年！,2025-01-28 09:12:01,36kr,https://36kr.com/p/3140775066861318,1,0,0,
103,633,罗永浩还债记,羅永浩還債記,2025年，“真還傳”能否迎來大結局？,2025-01-28 09:10:28,36kr,https://36kr.com/p/3140769299356160,1,0,0,
104,632,房企想过个好年,房企想過個好年,鬱亮、祝九勝辭職了！,2025-01-28 09:10:26,36kr,https://36kr.com/p/3140775905024775,1,0,0,
105,631,国产恶女，登堂入室,國產惡女，登堂入室,寧願可惡，不願可憐。,2025-01-28 09:10:24,36kr,https://36kr.com/p/3140886879574787,1,0,0,
106,630,AI 2025！8大热门赛道开年前瞻，从AI眼镜到推理Scaling一网打尽,AI 2025！8大熱門賽道開年前瞻，從AI眼鏡到推理Scaling一網打盡,邀諸君共同參與或觀望,2025-01-28 09:09:01,36kr,https://36kr.com/p/3140529805679105,1,0,0,
107,629,19.9元“招财神器”卖爆，年轻人“人手一个”过春节,19.9元“招財神器”賣爆，年輕人“人手一個”過春節,金價暴漲，黃金消費尋找新釋放。,2025-01-28 09:08:59,36kr,https://36kr.com/p/3140564235426561,1,0,0,
108,624,雷彬艺抛弃了张大大,雷彬藝拋棄了張大大,雷彬藝到底想帶著無憂傳媒去往何方？,2025-01-28 09:01:34,36kr,https://36kr.com/p/3140735725321992,1,0,0,
109,623,大型语言模型：2024年回顾与2025年趋势,大型語言模型：2024年回顧與2025年趨勢,大型語言模型將在多個領域展現更大潛力。,2025-01-28 09:01:32,36kr,https://36kr.com/p/3121238318190856,1,0,0,
110,589,DeepSeek推翻两座大山,DeepSeek推翻兩座大山,黃仁勳、奧特曼和整個華爾街都懵了……,2025-01-28 08:33:06,36kr,https://36kr.com/p/3140911893142017,1,0,0,
111,176,单季度豪赚百亿美元，Netflix一爆再爆,單季度豪賺百億美元，Netflix一爆再爆,市值衝破4000億，即將成為全球前20大公司。,2025-01-28 04:34:09,36kr,https://36kr.com/p/3139569961360131,1,0,0,
112,172,结婚人数9连降，县城红娘却忙疯了,結婚人數9連降，縣城紅娘卻忙瘋了,此刻，她們正在迎接一年之中，生意最好的時候。,2025-01-28 04:34:07,36kr,https://36kr.com/p/3140224381721095,1,0,0,
113,170,养生水，大战春节餐桌,養生水，大戰春節餐桌,過年聚餐，年輕人愛上喝“草”。,2025-01-28 04:34:04,36kr,https://36kr.com/p/3140277350603264,1,0,0,
114,168,“留守猫咪”背后的大生意：内蒙小县，供应全球20％的猫砂,“留守貓咪”背後的大生意：內蒙小縣，供應全球20％的貓砂,內蒙寧城縣的貓砂生意,2025-01-28 04:34:02,36kr,https://36kr.com/p/3139548257196807,1,0,0,
115,166,华熙生物预计2024年净利润下滑超七成，市值较高点蒸发1253亿元,華熙生物預計2024年淨利潤下滑超七成，市值較高點蒸發1253億元,華熙生物業績不景氣，市值蒸發1253.35億元。,2025-01-28 04:34:00,36kr,https://36kr.com/p/3139734547365633,1,0,0,
116,163,2025的淘宝许愿报告，其实是一篇对未来行业风口的预测,2025的淘寶許願報告，其實是一篇對未來行業風口的預測,“賺點小錢”在年輕人的新年願望裡只能排第二。,2025-01-28 04:33:58,36kr,https://36kr.com/p/3140350450621191,1,0,0,
117,159,2025年，15家旅企“嗷嗷”等待上市…,2025年，15家旅企“嗷嗷”等待上市…,印象大紅袍和陝西旅遊誰能拿到2025年演藝第一股？,2025-01-28 04:33:55,36kr,https://36kr.com/p/3139668260634117,1,0,0,
118,155,融创再获中信金融资产支持，事关融创壹号院项目,融創再獲中信金融資產支持，事關融創壹號院項目,融創又一項目獲AMC支持。,2025-01-28 04:33:53,36kr,,1,0,0,
119,151,多地房地产市场1月“开门红”,多地房地產市場1月“開門紅”,滬廣深杭等依然領漲全國,2025-01-28 04:33:51,36kr,https://36kr.com/p/3140376629893639,1,0,0,
120,148,万亿中医AI化、连锁化和IP化的品牌顶层设计,萬億中醫AI化、連鎖化和IP化的品牌頂層設計,養生心智健康熱潮下萬億中醫如何跑通AI化連鎖化IP化呢？……連鎖門店成為距離消費者最近的體驗觸點消費業態。通過盈利點創新和輕連鎖模式榕樹家4年開出1600家門店超越固生堂、同仁堂等老牌玩家成為行業第一品牌，背後究竟有什麼樣的品牌頂層設計呢？,2025-01-28 04:33:49,36kr,https://36kr.com/p/3139587295362563,1,0,0,
121,146,第一批回老家的人，已经后悔县城有房了,第一批迴老家的人，已經後悔縣城有房了,感覺自己好像被縣城的房子綁住了,2025-01-28 04:33:46,36kr,https://36kr.com/p/3140380617595649,1,0,0,
122,144,香港“豪门三代”陈文博接班后的挑战：恒隆净利大跌超4成，未来要谨慎投资,香港“豪門三代”陳文博接班後的挑戰：恆隆淨利大跌超4成，未來要謹慎投資,每一次出手都要確保受益。,2025-01-28 04:33:44,36kr,https://36kr.com/p/3139351184873993,1,0,0,
123,141,如何从“做一个好人”中得到好报？,如何從“做一個好人”中得到好報？,做一個 Nice People 的缺點和優點。,2025-01-28 04:33:42,36kr,https://36kr.com/p/3123987048470535,1,0,0,
124,138,没想到吧！广州去年居然开了17个新商场,沒想到吧！廣州去年居然開了17個新商場,海珠區“逆襲”，區域商圈上新多,2025-01-28 04:33:40,36kr,https://36kr.com/p/3140414718990857,1,0,0,
125,134,今年不见年终奖,今年不見年終獎,一抹縮影。,2025-01-28 04:33:38,36kr,https://36kr.com/p/3139203062536967,1,0,0,
126,130,红星美凯龙发布严正声明：与阳光海天旗下子公司为正常解约，不存在“暴力撕毁合同”,紅星美凱龍發佈嚴正聲明：與陽光海天旗下子公司為正常解約，不存在“暴力撕毀合同”,紅星美凱龍否認毀約，稱合作方違約。,2025-01-28 04:33:36,36kr,https://36kr.com/p/3140433797290753,1,0,0,
127,126,在快手，感受东北年味,在快手，感受東北年味,鐵搭子之間的“雙向奔赴”。,2025-01-28 04:33:34,36kr,https://36kr.com/p/3140384964155908,1,0,0,
128,123,工控界“小华为”要分拆“儿子”上市，A拆A遇冷下成功率几何？,工控界“小華為”要分拆“兒子”上市，A拆A遇冷下成功率幾何？,朱興明開啟新徵程。,2025-01-28 04:33:31,36kr,https://36kr.com/p/3139710308826881,1,0,0,
129,119,纵目科技停缴员工社保，CEO唐锐：寻求被并购可能,縱目科技停繳員工社保，CEO唐銳：尋求被併購可能,700多名員工受到影響。,2025-01-28 04:33:29,36kr,https://36kr.com/p/3140438274611970,1,0,0,
130,116,融资超50亿元的小众赛道，卡住器械上游脖子,融資超50億元的小眾賽道，卡住器械上游脖子,動脈網出品,2025-01-28 04:33:27,36kr,https://36kr.com/p/3140231567858178,1,0,0,
131,115,2024剧综招商盘点：金主预算收紧，钱都去哪了？,2024劇綜招商盤點：金主預算收緊，錢都去哪了？,誰是金主最愛？,2025-01-28 04:33:25,36kr,https://36kr.com/p/3139602695077641,1,0,0,
132,113,脑白金“跨界”做咖啡，保健品巨头需要新故事,腦白金“跨界”做咖啡，保健品巨頭需要新故事,腦白金這顆滄海遺珠再次被拾起。,2025-01-28 04:33:23,36kr,https://36kr.com/p/3139045467609864,1,0,0,
133,109,奥克斯IPO：上市前大笔分红超35亿，“价格杀手”光环不再,奧克斯IPO：上市前大筆分紅超35億，“價格殺手”光環不再,上市仍有不確定性。,2025-01-28 04:33:21,36kr,https://36kr.com/p/3139522395806212,1,0,0,
134,106,A股之后再寻港股？东鹏饮料何时唤醒第二增长曲线,A股之後再尋港股？東鵬飲料何時喚醒第二增長曲線,“累了困了 喝東鵬特飲”的口號該換了。,2025-01-28 04:33:18,36kr,https://36kr.com/p/3139458054249220,1,0,0,
135,103,年货不好卖了，年货商家如何紧跟“00后”步伐？,年貨不好賣了，年貨商家如何緊跟“00後”步伐？,年貨市場未來該怎麼做？,2025-01-28 04:33:16,36kr,https://36kr.com/p/3139065443473929,1,0,0,
136,100,2025小游戏“成本最低”增量：上多端/多平台！,2025小遊戲“成本最低”增量：上多端/多平臺！,2025小遊戲“成本最低”增量：上多端/多平臺！,2025-01-28 04:33:14,36kr,https://36kr.com/p/3140227623230212,1,0,0,
137,97,万客来超市一年开遍20省份，线下拼多多崛起？,萬客來超市一年開遍20省份，線下拼多多崛起？,萬客來 PK 潮衣庫，誰是下一個拼多多？,2025-01-28 04:33:12,36kr,https://36kr.com/p/3140231508384521,1,0,0,
138,94,万科董事会主席、总裁、董秘集体辞任，王石回应：国家队出手相助,萬科董事會主席、總裁、董秘集體辭任，王石回應：國家隊出手相助,萬科高管大換血，業績預虧450億。,2025-01-28 04:33:10,36kr,https://36kr.com/p/3140829128055301,1,0,0,
139,90,一周要闻·阿联酋&卡塔尔 | 阿联酋2025年经济增速预计达4％/卡塔尔新立法加大吸引外资力度,一週要聞·阿聯酋&卡塔爾 | 阿聯酋2025年經濟增速預計達4％/卡塔爾新立法加大吸引外資力度,36氪出海持續關注阿聯酋、卡塔爾市場機遇，每週聚焦該地區最值得關注要聞，幫助讀者把握出海商機。,2025-01-28 04:33:07,36kr,https://36kr.com/p/3139352476867332,1,0,0,
140,86,出海速递 | Meta被曝组建4个小组专门研究DeepSeek模型/Perplexity AI再提TikTok合并新方案,出海速遞 | Meta被曝組建4個小組專門研究DeepSeek模型/Perplexity AI再提TikTok合併新方案,查閱更多出海好文章，請移步出海官網 letschuhai.com。,2025-01-28 04:33:05,36kr,https://36kr.com/p/3140776561039880,1,0,0,
0,1494950,DeepSeek，能颠覆AI竞赛规则吗？,DeepSeek，能顛覆AI競賽規則嗎？,一場圍剿與反圍剿正在展開,2025-02-02 19:30:58,36kr,https://36kr.com/p/3147428435925513,1,0,0,
1,1494944,无印良品将在中国推小型低价店；名创优品国内高层换血；蒙牛押注低温高端奶市场丨品牌周报,無印良品將在中國推小型低價店；名創優品國內高層換血；蒙牛押注低溫高端奶市場丨品牌週報,你消費的品牌，你關心的週報。,2025-02-02 19:20:21,36kr,https://36kr.com/p/3149222980213512,1,0,0,
2,1494938,造车新势力激战2025，喜忧写在1月销量榜,造車新勢力激戰2025，喜憂寫在1月銷量榜,造車新勢力的1月，有人喜，有人憂。,2025-02-02 18:28:42,36kr,https://36kr.com/p/3147982401273600,1,0,0,
3,1494924,春节爆赚百万，卖出10万件，小赛道迎来“泼天流量”,春節爆賺百萬，賣出10萬件，小賽道迎來“潑天流量”,千億市場中，一個前景可期的細分賽道。,2025-02-02 17:59:16,36kr,https://36kr.com/p/3148074162854402,1,0,0,
4,1494779,金价又新高背后，四家金矿公司多赚128亿,金價又新高背後，四家金礦公司多賺128億,中新經緯，精英的財經資訊。,2025-02-02 16:29:20,36kr,https://36kr.com/p/3148769795267329,1,0,0,
5,1494691,百亿先生董宇辉的波折与重生,百億先生董宇輝的波折與重生,已是抖音一哥，何時成直播一哥？,2025-02-02 16:09:10,36kr,https://36kr.com/p/3147868139608840,1,0,0,
6,1494689,外媒拆解DeepSeek制胜秘籍，OpenAI CEO终于认错：我们站在了历史错误的一边,外媒拆解DeepSeek制勝祕籍，OpenAI CEO終於認錯：我們站在了歷史錯誤的一邊,楊立昆銳評硅谷有病。,2025-02-02 16:09:06,36kr,https://36kr.com/p/3147635441211909,1,0,0,
7,1494687,羽毛球“后进生”创业：不想赚快钱的球馆老板｜小城创客,羽毛球“後進生”創業：不想賺快錢的球館老闆｜小城創客,“羽毛球塑造了我，讓我的內心越來越強大。我能有今天，都是在球場上拼出來、球館裡站出來的。”,2025-02-02 16:09:03,36kr,https://36kr.com/p/3147924566366977,1,0,0,
8,1494685,代购凶猛，县城劲吹山姆风,代購凶猛，縣城勁吹山姆風,他們掙的可能不只是差價,2025-02-02 16:08:59,36kr,https://36kr.com/p/3147831650074377,1,0,0,
9,1494683,毁誉参半的《封神2》，打了第一部的脸,譭譽參半的《封神2》，打了第一部的臉,得罪粉絲的《封神2》，絆倒在爆火前夜,2025-02-02 16:08:55,36kr,https://36kr.com/p/3147831228324613,1,0,0,
10,1494681,潮汕火了,潮汕火了,城市文旅競賽。,2025-02-02 16:08:52,36kr,https://36kr.com/p/3147763635575553,1,0,0,
11,1494679,中国公司全球化周报 | DeepSeek应用在全球下载量居首/小鹏汽车进军爱尔兰、芬兰，计划未来10年海外销量占比50％,中國公司全球化週報 | DeepSeek應用在全球下載量居首/小鵬汽車進軍愛爾蘭、芬蘭，計劃未來10年海外銷量佔比50％,聚焦中國公司全球化大事、提供世界各地最新創投新聞；36氪出海致力於消除信息差，讓讀者將本週最值得關注的大事件盡收眼底。,2025-02-02 16:08:48,36kr,https://36kr.com/p/3147647199304450,1,0,0,
12,1494677,豆瓣9分，打工人必看神剧回归了,豆瓣9分，打工人必看神劇迴歸了,開年就看“打工人必看神劇”。,2025-02-02 16:08:45,36kr,https://36kr.com/p/3147689284180487,1,0,0,
13,1494675,全国统一的春节零食，没人吃了,全國統一的春節零食，沒人吃了,徐福記不語，只是一味斷糖,2025-02-02 16:08:41,36kr,https://36kr.com/p/3148167676173061,1,0,0,
14,1494673,在上万公里的旅行中，我撞破了楚门的世界,在上萬公里的旅行中，我撞破了楚門的世界,身處浪潮，如何自處,2025-02-02 16:08:38,36kr,https://36kr.com/p/3147542329907973,1,0,0,
15,1494672,24年鼠标行业卷疯了：更轻、更全能、更个性化,24年鼠標行業卷瘋了：更輕、更全能、更個性化,將想象落地，成熟品類也有創新機會。,2025-02-02 16:08:34,36kr,https://36kr.com/p/3149000586067713,1,0,0,
16,1494671,阿西莫夫三定律，还适用于今天的 AI 吗？,阿西莫夫三定律，還適用於今天的 AI 嗎？,藝術只提供提問，不提供答案，後者需要一點點試出來。,2025-02-02 16:08:30,36kr,https://36kr.com/p/3148966476585730,1,0,0,
17,1494670,出口额最高，中国芯片“卖爆”了,出口額最高，中國芯片“賣爆”了,“中國芯”正穩步走向世界。,2025-02-02 16:08:27,36kr,https://36kr.com/p/3147560566217478,1,0,0,
18,1494669,飙涨刷屏，见证历史,飆漲刷屏，見證歷史,每克達846元，春節期間金價再創新高,2025-02-02 16:08:23,36kr,https://36kr.com/p/3149076493326857,1,0,0,
19,1494668,美国对中国商品加征10％关税，人民币汇率会否承压,美國對中國商品加徵10％關稅，人民幣匯率會否承壓,截至1月31日，離岸人民幣兌美元匯率連漲兩週後回落，累跌777點。截至當日收盤，離岸人民幣兌美元匯率報7.3221，失守7.32的點位,2025-02-02 16:08:19,36kr,https://36kr.com/p/3149023159147267,1,0,0,
20,1494667,短剧上“主桌”了，超400部短剧激战春节档，谁是今年的《我在八零年代当后妈》？,短劇上“主桌”了，超400部短劇激戰春節檔，誰是今年的《我在八零年代當後媽》？,這個春節，你看短劇了嗎？,2025-02-02 16:08:16,36kr,https://36kr.com/p/3148962189630216,1,0,0,
21,1494666,索尼盖了一座「Sony Park」，我在里面发现了 Sony 的「精神内核」,索尼蓋了一座「Sony Park」，我在裡面發現了 Sony 的「精神內核」,一個「不務正業」的索尼，那個精神內核卻一直保留著。,2025-02-02 16:08:12,36kr,https://36kr.com/p/3147581721533193,1,0,0,
22,1494665,DeepSeek点燃国产大模型斗志，RAG等核心技术被重估,DeepSeek點燃國產大模型鬥志，RAG等核心技術被重估,2025，中國大模型的提速之年,2025-02-02 16:08:09,36kr,https://36kr.com/p/3147514116594176,1,0,0,
56,1493423,钟睒睒泪洒年会：我们的钱是干净的；lululemon或提前实现125亿美元目标；SK-II重回增长｜品牌周报,鍾睒睒淚灑年會：我們的錢是乾淨的；lululemon或提前實現125億美元目標；SK-II重回增長｜品牌週報,你消費的品牌，你關心的週報。,2025-01-26 19:52:38,36kr,https://36kr.com/p/3139395917912839,1,0,0,
57,1493396,出海周刊130期｜TikTok商家身处“灵薄狱”/出海做得好的企业有哪些共识与反共识？,出海週刊130期｜TikTok商家身處“靈薄獄”/出海做得好的企業有哪些共識與反共識？,本週出海週刊的熱點主要集中在新任總統就職後，TikTok在美的命運會如何變化，以及生態中的企業如何應對。除此之外，也有一些來自中東、東南亞、非洲等市場的階段性盤點和觀察，智能硬件、智能駕駛等出海玩家的經驗和思考。,2025-01-26 19:12:27,36kr,https://36kr.com/p/3137674785053442,1,0,0,
58,1493366,2025品牌增长第一枪，在新品战场打响,2025品牌增長第一槍，在新品戰場打響,品牌增長，有了「新」邏輯,2025-01-26 18:30:54,36kr,https://36kr.com/p/3128392706430981,1,0,0,
59,1493354,2025短剧春节档混战，谁能突围？,2025短劇春節檔混戰，誰能突圍？,再添一把火。,2025-01-26 18:20:12,36kr,https://36kr.com/p/3137503482789640,1,0,0,
60,1493295,巨头环伺，精酿啤酒能跑出一匹上市黑马？,巨頭環伺，精釀啤酒能跑出一匹上市黑馬？,平價模式的勝利,2025-01-26 17:37:05,36kr,https://36kr.com/p/3135471715778308,1,0,0,
61,1493273,泰国跌倒，版纳吃饱,泰國跌倒，版納吃飽,第一波春節遊的人，已經在路上了。,2025-01-26 17:06:33,36kr,https://36kr.com/p/3138833494333955,1,0,0,
62,1493233,一次性内窥镜，国产已有单品销售破亿！,一次性內窺鏡，國產已有單品銷售破億！,動脈網出品,2025-01-26 16:05:49,36kr,https://36kr.com/p/3138815150824193,1,0,0,
63,1493216,中免24年净利下降36.5％，免税购物不再受欢迎了？,中免24年淨利下降36.5％，免稅購物不再受歡迎了？,中免24年淨利下降36.5%，免稅購物不再受歡迎了？,2025-01-26 15:35:30,36kr,https://36kr.com/p/3137764464787208,1,0,0,
64,1493209,这是激进投资AI的锦秋基金，从硅谷带回的二十五条关键认知,這是激進投資AI的錦秋基金，從硅谷帶回的二十五條關鍵認知,一些來自硅谷的AI趨勢判斷。,2025-01-26 15:26:03,36kr,https://36kr.com/p/3139177221331714,1,0,0,
65,1493167,​美股上市，亚盛医药“三箭齐发”,​美股上市，亞盛醫藥“三箭齊發”,為“雄心”佈局,2025-01-26 14:47:08,36kr,https://36kr.com/p/3138193266793217,1,0,0,
66,1493151,开发无动物来源3D支架并实现高批次一致性生产，它创新细胞培养解决方案,開發無動物來源3D支架並實現高批次一致性生產，它創新細胞培養解決方案,動脈網出品,2025-01-26 14:36:52,36kr,https://36kr.com/p/3138815246260740,1,0,0,
67,1493115,国补落地，二手机崩盘,國補落地，二手機崩盤,二手機行業面臨前所未有的壓力。,2025-01-26 13:31:18,36kr,https://36kr.com/p/3137515669150472,1,0,0,
68,1493089,斗鱼，添了一位新CEO,鬥魚，添了一位新CEO,臨時管理委員會解散，任思敏走到臺前,2025-01-26 13:03:52,36kr,https://36kr.com/p/3137553890482953,1,0,0,
69,1493061,海底捞、麦当劳们“整活”，为什么这么讨人喜欢？,海底撈、麥當勞們“整活”，為什麼這麼討人喜歡？,為顧客提供更多價值、讓顧客更少付出成本。,2025-01-26 12:35:17,36kr,https://36kr.com/p/3137573728206594,1,0,0,
70,1493007,泡泡玛特急需开光师,泡泡瑪特急需開光師,新飾品沒人求代購了。,2025-01-26 12:06:51,36kr,https://36kr.com/p/3137702150855169,1,0,0,
71,1492959,小杨哥复出又停播，还有多少人在意？,小楊哥復出又停播，還有多少人在意？,即便小楊哥再羨慕薇婭，眼下他仍無法擺脫超級主播的“魔咒”。,2025-01-26 11:16:28,36kr,https://36kr.com/p/3138812398574085,1,0,0,
72,1492942,从爱马仕柏金包到沃尔玛Wirkin：2025奢侈品新面貌,從愛馬仕柏金包到沃爾瑪Wirkin：2025奢侈品新面貌,從愛馬仕柏金包到沃爾瑪Wirkin：2025奢侈品新面貌,2025-01-26 11:06:27,36kr,https://36kr.com/p/3137817944562178,1,0,0,
73,1492923,中产「过年三件套」，让理发小哥月入10万？,中產「過年三件套」，讓理髮小哥月入10萬？,“2周賺大錢，年後就提車！”,2025-01-26 10:57:31,36kr,https://36kr.com/p/3138911812721157,1,0,0,
74,1492893,“轻断亲”的年轻人，选择回乡不回家,“輕斷親”的年輕人，選擇回鄉不回家,回鄉住酒店找到另一種平衡,2025-01-26 10:27:43,36kr,https://36kr.com/p/3138882149138183,1,0,0,
75,1492892,只招1％的天才，这家中国公司让硅谷难安,只招1％的天才，這家中國公司讓硅谷難安,在剛剛成立的一年多時間裡，DeepSeek一直不聲不響，V2模型的發佈成為其破圈的關鍵。由於模型結構層面的突破性創新，使得其將模型成本大大降低，也被業內戲稱為AI屆拼多多。這之後，DeepSeek也真正引發了硅谷的恐慌，OpenAI正迎來一個最強勁的對手。,2025-01-26 10:27:38,36kr,https://36kr.com/p/3138880574832385,1,0,0,
76,1492854,8点1氪｜发布小米极氪对撞视频博主被抓；韩国破获继N号房后最大规模网络性剥削案；霸王茶姬因“春节”翻译不当发文致歉,8點1氪｜發佈小米極氪對撞視頻博主被抓；韓國破獲繼N號房後最大規模網絡性剝削案；霸王茶姬因“春節”翻譯不當發文致歉,1月25日，小米法務部發文稱，近日涉嫌惡意抹黑小米汽車商業信譽、商品聲譽的某平臺博主及其同夥多人，已被依法緝拿歸案。,2025-01-26 09:27:57,36kr,https://36kr.com/p/3138831580257024,1,0,0,
77,1492839,一单16万、时薪2000元，有人靠这个上门生意月入百万,一單16萬、時薪2000元，有人靠這個上門生意月入百萬,一門小眾生意，在春節前賺爆了。,2025-01-26 09:07:35,36kr,https://36kr.com/p/3137516423354888,1,0,0,
78,1492838,为什么聪明人无法影响决策者：向高层做技术汇报的技巧,為什麼聰明人無法影響決策者：向高層做技術彙報的技巧,清晰不僅僅跟正確有關——這還是被理解的關鍵,2025-01-26 09:07:30,36kr,https://36kr.com/p/3113520574696964,1,0,0,
79,1492594,年报预亏45亿-52亿！由盈转亏的晶澳科技怎么了？,年報預虧45億-52億！由盈轉虧的晶澳科技怎麼了？,如何穿越週期的寒冬，仍然是擺在晶澳科技和靳保芳這位邢臺富豪面前的一道難題。,2025-01-25 20:40:10,36kr,https://36kr.com/p/3137899938987778,1,0,0,
80,1492593,24家光伏企业预亏超286亿,24家光伏企業預虧超286億,2024年，光伏行業仍未走出週期，24家企業合計預虧超286億。,2025-01-25 20:40:05,36kr,https://36kr.com/p/3137885712842497,1,0,0,
81,1492584,折叠屏手机到东北，纷纷变成雪糕脆皮了,摺疊屏手機到東北，紛紛變成雪糕脆皮了,說明書上的適宜工作溫度，怎麼比宣傳片裡的更高呢？,2025-01-25 20:20:50,36kr,https://36kr.com/p/3137945188784646,1,0,0,
82,1492539,红杉中国，刚刚完成一笔大并购,紅杉中國，剛剛完成一筆大併購,風向標。,2025-01-25 18:38:33,36kr,https://36kr.com/p/3137622517701124,1,0,0,
83,1492392,哈工大校友组团创业，思哲睿货币资金剩2.3亿能撑多久？,哈工大校友組團創業，思哲睿貨幣資金剩2.3億能撐多久？,三年虧損3.7億。,2025-01-25 15:41:43,36kr,https://36kr.com/p/3137465992101383,1,0,0,
84,1492372,中国品牌已经过了寻求认同的年纪,中國品牌已經過了尋求認同的年紀,關關難過，關關過,2025-01-25 15:10:56,36kr,https://36kr.com/p/3137423937289730,1,0,0,
85,1492353,一个农村娃在北京逛完万客来后想家了,一個農村娃在北京逛完萬客來後想家了,農村和城市，誰洋誰土？,2025-01-25 14:47:24,36kr,https://36kr.com/p/3137506266176004,1,0,0,
86,1492342,一个座位超千元，你愿意带宠物一起坐飞机吗？,一個座位超千元，你願意帶寵物一起坐飛機嗎？,2024年城鎮（犬貓）消費市場規模增長7.5%，達到3002億元。,2025-01-25 14:27:43,36kr,https://36kr.com/p/3137492235328258,1,0,0,
87,1492336,加班相亲走亲戚，我在游戏里学当中国人,加班相親走親戚，我在遊戲裡學當中國人,中國式生活，怎麼為遊戲提供瞭如此多的話題和靈感？,2025-01-25 14:09:55,36kr,https://36kr.com/p/3137457833908737,1,0,0,
88,1492319,和参展CES十次的涂鸦智能CMO聊：怎么把“绿色”卖出海？| 对话100位大公司ESG先锋,和參展CES十次的塗鴉智能CMO聊：怎麼把“綠色”賣出海？| 對話100位大公司ESG先鋒,本期為《對話100位大公司ESG先鋒》系列第一篇，我們會找100位在大公司從事綠色、可持續、ESG相關業務的關鍵決策者，聊聊他們的“術”與“道”。,2025-01-25 13:41:07,36kr,https://36kr.com/p/3137664089463300,1,0,0,
89,1492311,中国公司全球化周报 | 中国短剧出海，美国贡献六成收入/宁德时代：今年有望公布新的欧洲合资工厂项目,中國公司全球化週報 | 中國短劇出海，美國貢獻六成收入/寧德時代：今年有望公佈新的歐洲合資工廠項目,聚焦中國公司全球化大事、提供世界各地最新創投新聞；36氪出海致力於消除信息差，讓讀者將本週最值得關注的大事件盡收眼底。,2025-01-25 13:31:51,36kr,https://36kr.com/p/3137462957873924,1,0,0,
90,1492310,联影的又一次豪赌,聯影的又一次豪賭,動脈網出品,2025-01-25 13:31:44,36kr,https://36kr.com/p/3137398589643269,1,0,0,
91,1492281,中国公司全球化周报 | 上汽、吉利、比亚迪起诉欧盟委员会/中国短剧出海，美国贡献六成收入,中國公司全球化週報 | 上汽、吉利、比亞迪起訴歐盟委員會/中國短劇出海，美國貢獻六成收入,聚焦中國公司全球化大事、提供世界各地最新創投新聞；36氪出海致力於消除信息差，讓讀者將本週最值得關注的大事件盡收眼底。,2025-01-25 13:02:00,36kr,https://36kr.com/p/3137462957873924,1,0,0,
92,1492279,不愿被收购，Biotech拿起了法律武器,不願被收購，Biotech拿起了法律武器,獨立還是不獨立,2025-01-25 13:01:55,36kr,https://36kr.com/p/3136691211459330,1,0,0,
93,1492263,水果价格“崩盘”？,水果價格“崩盤”？,降價措施並未真正盤活市場，反而暴露了更深層次的結構性問題。​,2025-01-25 12:44:13,36kr,https://36kr.com/p/3136753328872192,1,0,0,
94,1492245,第一批回家的年轻人，正忙着团购过年,第一批迴家的年輕人，正忙著團購過年,假期玩樂如何省錢？,2025-01-25 12:26:19,36kr,https://36kr.com/p/3136693854732037,1,0,0,
95,1492244,9家消费公司拿到新钱；库迪咖啡“店中店”暂停招商；抖音开始帮餐饮商家卖储值卡｜创投大视野,9家消費公司拿到新錢；庫迪咖啡“店中店”暫停招商；抖音開始幫餐飲商家賣儲值卡｜創投大視野,離你更近的消費創投一線。,2025-01-25 12:26:14,36kr,https://36kr.com/p/3136359374100993,1,0,0,
96,1492226,金价创14年最大涨幅，中国黄金储备再创历史新高,金價創14年最大漲幅，中國黃金儲備再創歷史新高,在美聯儲降息和地緣政治加劇背景下，投資者和全球多國央行紛紛湧入黃金市場，進而推高金價。但硬幣的另一面是，高金價抑制消費。整個2024年，中國黃金消費量同比下降近10%,2025-01-25 12:06:36,36kr,https://36kr.com/p/3136758880147972,1,0,0,
97,1492195,2025保险展望➂：车险新“三变”,2025保險展望➂：車險新“三變”,作為財險業基本盤的車險，結構、渠道和市場格局均在發生變化。新能源商業車險的保費收入增速已遠超全行業車險整體保費的同比增速,2025-01-25 11:47:32,36kr,https://36kr.com/p/3136758966065664,1,0,0,
98,1492175,白牌，没有韩束们的命？,白牌，沒有韓束們的命？,翻紅容易，難的是長紅！白牌難在能否“漂白”上桌和如何持續留在牌桌上。,2025-01-25 11:26:40,36kr,https://36kr.com/p/3136718688786949,1,0,0,
99,1492160,优衣库多久没有新的科技爆款了？,優衣庫多久沒有新的科技爆款了？,HEATECH的誕生已經是20多年前的事。,2025-01-25 11:16:13,36kr,https://36kr.com/p/3133443722681088,1,0,0,
100,1492134,阿里、小红书b站争夺“独家”，春晚十年“冠名”折射巨头变迁？,阿里、小紅書b站爭奪“獨家”，春晚十年“冠名”折射巨頭變遷？,有些東西變了，但有些東西一直未變,2025-01-25 10:46:48,36kr,https://36kr.com/p/3136775192369671,1,0,0,
101,1492125,「今科机床」获工业母机产业投资基金5000万A轮融资，加速高端复合五轴机床国产化 | 36氪首发,「今科機床」獲工業母機產業投資基金5000萬A輪融資，加速高端複合五軸機床國產化 | 36氪首發,專注於高端複合五軸機床的研發與製造，產品廣泛應用於航空航天、汽車、新能源等領域。,2025-01-25 10:38:09,36kr,https://36kr.com/p/3136686338677257,1,0,0,
102,1492119,全世界最爽的工作福利，什么时候卷到亚洲,全世界最爽的工作福利，什麼時候捲到亞洲,與刻板印象相悖的一點是——從某種程度上，四日工作制算是一種“降本增效”的手段。,2025-01-25 10:27:55,36kr,https://36kr.com/p/3136765055113728,1,0,0,
103,1492118,月入几万，敢穿鄂尔多斯「返乡」？,月入幾萬，敢穿鄂爾多斯「返鄉」？,體面，需要用盡全力,2025-01-25 10:27:50,36kr,https://36kr.com/p/3137456479820552,1,0,0,
104,1492093,AI同事来了，我开始失业倒计时？,AI同事來了，我開始失業倒計時？,能幹活的AI代理Operator來了。,2025-01-25 10:17:41,36kr,https://36kr.com/p/3136708018149890,1,0,0,
105,1492087,AI霸屏的第二年，硅谷大佬们都Pick哪些AI产品？,AI霸屏的第二年，硅谷大佬們都Pick哪些AI產品？,全網最“主觀”的AI產品榜單。,2025-01-25 10:07:05,36kr,https://36kr.com/p/3136808365955588,1,0,0,
106,1492075,9点1氪｜韩国棋院称会把奖金汇入柯洁账户；12306客服回应春运现三折火车票；网易云音乐或将下架SM娱乐版权歌曲,9點1氪｜韓國棋院稱會把獎金匯入柯潔賬戶；12306客服迴應春運現三折火車票；網易雲音樂或將下架SM娛樂版權歌曲,​卞相壹稱裁判判罰時才知道新規，認為該規則沒必要與勝負無關。,2025-01-25 09:56:28,36kr,https://36kr.com/p/3137442040912641,1,0,0,
107,1492068,元气森林唐彬森发内部信：要“日拱一卒”，不再走捷径,元氣森林唐彬森發內部信：要“日拱一卒”，不再走捷徑,元氣森林的第9年。,2025-01-25 09:35:11,36kr,https://36kr.com/p/3136709948086784,1,0,0,
108,1492048,一部由AI制作的电影即将上映,一部由AI製作的電影即將上映,讓人工智能實現你的“導演夢”。,2025-01-25 09:04:55,36kr,https://36kr.com/p/3122630931585026,1,0,0,
109,1491890,特斯拉在北美和欧洲正式推出焕新版Model Y，现代和通用将会合作在美电动车业务｜海外日报,特斯拉在北美和歐洲正式推出煥新版Model Y，現代和通用將會合作在美電動車業務｜海外日報,1 月 24 日 EV Focus 海外日報,2025-01-25 00:28:32,36kr,https://36kr.com/p/3136298448345600,1,0,0,
110,1491723,奔驰快被逼疯了：“我不是杂牌”,奔馳快被逼瘋了：“我不是雜牌”,認真已經輸了,2025-01-24 21:37:59,36kr,https://36kr.com/p/3136547544071681,1,0,0,
111,1491722,2024年的这些手机和相关技术，更值得关注,2024年的這些手機和相關技術，更值得關注,剛剛過去的2024年，我們迎來了比過去更精彩的新產品和新技術。,2025-01-24 21:37:54,36kr,https://36kr.com/p/3136632095480321,1,0,0,
112,1491706,突发：比亚迪吉利上汽起诉欧盟，反对强加关税,突發：比亞迪吉利上汽起訴歐盟，反對強加關稅,中國車企出口歐洲，歐盟坐不住了。,2025-01-24 21:29:10,36kr,https://36kr.com/p/3136679291869702,1,0,0,
113,1491705,突发：上海杀出未来独角兽：一把融资10亿,突發：上海殺出未來獨角獸：一把融資10億,碳化硅賽道，火了。,2025-01-24 21:29:05,36kr,https://36kr.com/p/3136674893945351,1,0,0,
114,1491704,密切跟进OpenAI，国产o1类推理模型陆续登场,密切跟進OpenAI，國產o1類推理模型陸續登場,從去年9月OpenAI以o1模型變革模型訓練範式之後，各家大模型公司開始兌現當時的行業預期，形成了一定規模的國產o1類模型跟進潮。,2025-01-24 21:29:00,36kr,https://36kr.com/p/3136662760626695,1,0,0,
115,1491703,不做“潮玩第三股”，52TOYS要成为“玩具收藏第一品牌”？,不做“潮玩第三股”，52TOYS要成為“玩具收藏第一品牌”？,不做“潮玩第三股”，52TOYS要成為“玩具收藏第一品牌”？,2025-01-24 21:28:56,36kr,https://36kr.com/p/3136660400815619,1,0,0,
116,1491702,这届年轻人爱上硬件整活：电池跟弹夹一样换，饭卡也能当手机,這屆年輕人愛上硬件整活：電池跟彈夾一樣換，飯卡也能當手機,可遠觀，不可褻玩。,2025-01-24 21:28:50,36kr,https://36kr.com/p/3136643056352776,1,0,0,
117,1491701,半数以上美国企业2025年将增加在华投资,半數以上美國企業2025年將增加在華投資,87%的受訪企業認為積極的雙邊關係對其在華業務極其或非常重要,2025-01-24 21:28:46,36kr,https://36kr.com/p/3136639224142340,1,0,0,
118,1491692,为什么长剧、短剧都在角逐春节档？,為什麼長劇、短劇都在角逐春節檔？,四天預售破四億，“神仙打架”的2025電影春節檔正在破掉一個個歷史記錄。,2025-01-24 21:15:44,36kr,https://36kr.com/p/3136364567068164,1,0,0,
119,1491691,百度的救命稻草，写在文库里,百度的救命稻草，寫在文庫裡,多年的媳婦熬成了婆,2025-01-24 21:15:40,36kr,https://36kr.com/p/3136537472703233,1,0,0,
120,1491668,请回答2025：35位大模型创业者一致看好智能体爆发,請回答2025：35位大模型創業者一致看好智能體爆發,Make things happen.,2025-01-24 21:00:13,36kr,https://36kr.com/p/3136535740603142,1,0,0,
121,1491667,"`左手卖，右手买`,法国物联网企业Sequans押注RedCap是场豪赌么?","`左手賣，右手買`,法國物聯網企業Sequans押注RedCap是場豪賭麼?",法國物聯網企業Sequans逐漸在5G RedCap投下重注，這究竟是一次高瞻遠矚的戰略決策，還是一場下定決心的豪賭？,2025-01-24 21:00:09,36kr,https://36kr.com/p/3136514663406080,1,0,0,
122,1491666,新款Model Y保留转向灯拨杆，特斯拉终于不再执迷伪创新了,新款Model Y保留轉向燈撥杆，特斯拉終於不再執迷偽創新了,要想贏得消費者，車企不能為了創新而創新。,2025-01-24 21:00:04,36kr,https://36kr.com/p/3136502139780612,1,0,0,
123,1491665,36氪出海·中东｜卡塔尔网络安全市场快速增长，预计到2025年收入将突破1.43亿美元,36氪出海·中東｜卡塔爾網絡安全市場快速增長，預計到2025年收入將突破1.43億美元,全球數據分析機構Statista發佈最新預測報告顯示，預計2025年 卡塔爾網絡安全市場規模將達到1.43億美元。在各細分領域中，安全服務佔據主導地位，預計年收入將達7990萬美元。,2025-01-24 20:59:59,36kr,https://36kr.com/p/3136387633355520,1,0,0,
124,1491664,国际视野，本地立足，快手海外Kwai商业进化之路的上下求索,國際視野，本地立足，快手海外Kwai商業進化之路的上下求索,在“你方唱罷我登場”的出海大舞臺上，Kwai迎來了它的聚光燈時刻。,2025-01-24 20:59:55,36kr,https://36kr.com/p/3136678126885385,1,0,0,
125,1491663,出海速递 | 全球117家公司激战消费级AI硬件市场，七成为中国公司/TikTok股东：不出售公司的前提下存在多种解决方案,出海速遞 | 全球117家公司激戰消費級AI硬件市場，七成為中國公司/TikTok股東：不出售公司的前提下存在多種解決方案,查閱更多出海好文章，請移步出海官網 letschuhai.com。,2025-01-24 20:59:50,36kr,https://36kr.com/p/3136560695450120,1,0,0,
126,1491662,微博之夜被拆台，抛开娱乐名场面，微博还剩什么？,微博之夜被拆臺，拋開娛樂名場面，微博還剩什麼？,還能走多遠,2025-01-24 20:59:45,36kr,https://36kr.com/p/3136366226505224,1,0,0,
127,1491655,独立游戏发行商，在算法规则里艰难求生,獨立遊戲發行商，在算法規則裡艱難求生,遊戲品質與流量衰退，是行業普遍面臨的焦慮點。,2025-01-24 20:50:49,36kr,https://36kr.com/p/3136540348930560,1,0,0,
128,1491654,满帮集团三大槽点：贷款利率高、抽佣比例高、会员费未明,滿幫集團三大槽點：貸款利率高、抽傭比例高、會員費未明,盈利方式引發市場的廣泛討論和質疑。,2025-01-24 20:50:45,36kr,https://36kr.com/p/3136537986301443,1,0,0,
129,1491653,魏建军不服输,魏建軍不服輸,當老江湖遇上新問題,2025-01-24 20:50:40,36kr,https://36kr.com/p/3136537902455296,1,0,0,
130,1491644,成为“中国版优衣库”，森马还差几个美邦？,成為“中國版優衣庫”，森馬還差幾個美邦？,家庭場景，會是森馬的解藥嗎？,2025-01-24 20:41:14,36kr,https://36kr.com/p/3136632199518983,1,0,0,
131,1491642,寻路2025：关停并转潮涌，汽车业洗牌到几时？,尋路2025：關停並轉潮湧，汽車業洗牌到幾時？,2025年會有更多洗牌。主動的關停並轉一定程度上是紅利，日產本田如此，吉利也如此,2025-01-24 20:41:04,36kr,https://36kr.com/p/3136631840135680,1,0,0,
132,1491639,威马汽车要“复活”了？重整草案曝光，计划今年复工复产，谁接的盘？,威馬汽車要“復活”了？重整草案曝光，計劃今年復工復產，誰接的盤？,威馬重整，深圳翔飛意願投資。,2025-01-24 20:40:57,36kr,https://36kr.com/p/3136631767800328,1,0,0,
133,1491632,加密资产到底帮特朗普赚了多少钱？,加密資產到底幫特朗普賺了多少錢？,特朗普通過加密貨幣業務獲取流動資產。,2025-01-24 20:31:43,36kr,https://36kr.com/p/3136550147742215,1,0,0,
134,1491631,裁员伴随缺人，半导体人才的悖论,裁員伴隨缺人，半導體人才的悖論,缺的是人才。,2025-01-24 20:31:34,36kr,https://36kr.com/p/3136543215672064,1,0,0,
135,1491630,春节租车火爆，小米SU7、Model Y等车型受热捧，仰望U8日均租金有商家报价6000元,春節租車火爆，小米SU7、Model Y等車型受熱捧，仰望U8日均租金有商家報價6000元,這個春節，租車市場一片火熱，豪車普遍 10天起租。,2025-01-24 20:31:25,36kr,https://36kr.com/p/3136520121833992,1,0,0,
136,1491629,Callkit爆发，iOS与鸿蒙双双支持，但微信才是关键先生,Callkit爆發，iOS與鴻蒙雙雙支持，但微信才是關鍵先生,現象級應用少了，現象級功能多了。,2025-01-24 20:31:18,36kr,https://36kr.com/p/3136500893384454,1,0,0,
137,1491628,经济十强省排位赛：广东霸榜首36年，上海反超湖南晋级前十,經濟十強省排位賽：廣東霸榜首36年，上海反超湖南晉級前十,經濟大省挑大樑,2025-01-24 20:31:10,36kr,https://36kr.com/p/3136520041191938,1,0,0,
138,1491627,发疯、依靠、怀旧.....海飞丝、香飘飘、东阿阿胶踩中了哪一种情绪风口？,發瘋、依靠、懷舊.....海飛絲、香飄飄、東阿阿膠踩中了哪一種情緒風口？,品牌通過情感營銷，迎合年輕消費者需求。,2025-01-24 20:31:03,36kr,https://36kr.com/p/3136639391422978,1,0,0,
139,1491625,2024年的PC市场，不乏值得关注的产品,2024年的PC市場，不乏值得關注的產品,2024年可能是最近兩年，PC市場變化最大、值得關注新品最多的時期。,2025-01-24 20:30:54,36kr,https://36kr.com/p/3136632575023624,1,0,0,
140,1491604,薇娅想念舞台了,薇婭想念舞臺了,現在的薇婭，可能是她當紅時期待的樣子,2025-01-24 20:09:37,36kr,https://36kr.com/p/3136591850199813,1,0,0,
141,1491603,魔幻省钱的年轻人，在玩一种很新的极限运动,魔幻省錢的年輕人，在玩一種很新的極限運動,沒苦硬吃，沒錢硬賺,2025-01-24 20:09:31,36kr,https://36kr.com/p/3136578888801032,1,0,0,
142,1491602,碧桂园重生，杨老板过年前收到好消息,碧桂園重生，楊老闆過年前收到好消息,不做第二個許家印。,2025-01-24 20:09:23,36kr,https://36kr.com/p/3136561597464067,1,0,0,
143,1491578,国产手机狂卷新春水印：暗藏营销“心机”，第二品牌LOGO,國產手機狂卷新春水印：暗藏營銷“心機”，第二品牌LOGO,起於華為，興於小米。,2025-01-24 19:52:14,36kr,https://36kr.com/p/3136505222561280,1,0,0,
144,1491576,31省份人均收入账单出炉：8省份跑赢国家线，广东加入“5万元俱乐部”,31省份人均收入賬單出爐：8省份跑贏國家線，廣東加入“5萬元俱樂部”,上海、北京繼續領跑，西藏增速第一,2025-01-24 19:52:09,36kr,https://36kr.com/p/3136519984486913,1,0,0,
145,1491574,银行股权“冰火两重天”：上市银行股价持续火热，超百家中小银行股权无人问津,銀行股權“冰火兩重天”：上市銀行股價持續火熱，超百家中小銀行股權無人問津,邯鄲銀行股權三次拍賣均流拍。,2025-01-24 19:52:05,36kr,https://36kr.com/p/3136300435692039,1,0,0,
146,1491535,从消费热潮到生意热销，抖音商城年货节「开门即红」,從消費熱潮到生意熱銷，抖音商城年貨節「開門即紅」,優質內容激發搜索消費。,2025-01-24 19:24:36,36kr,https://36kr.com/p/3136577490017026,1,0,0,
147,1491508,SM娱乐单方面通知网易云不续约，数百万用户或成Kpop难民,SM娛樂單方面通知網易雲不續約，數百萬用戶或成Kpop難民,K-pop歌迷想過個好年，怎麼就這麼難？,2025-01-24 19:08:57,36kr,https://36kr.com/p/3136443626150405,1,0,0,
148,1491481,谷歌收购HTC Vive研发团队，直指Meta和苹果，欲在XR领域下一盘大棋,谷歌收購HTC Vive研發團隊，直指Meta和蘋果，欲在XR領域下一盤大棋,Meta和蘋果要小心了,2025-01-24 18:55:33,36kr,https://36kr.com/p/3136319951879688,1,0,0,
149,1491480,颠覆LLM格局，AI2新模型OLMo2，训练过程全公开，数据架构双升级,顛覆LLM格局，AI2新模型OLMo2，訓練過程全公開，數據架構雙升級,AI2推出高效全開源模型OLMo 2，性能優越。,2025-01-24 18:55:29,36kr,https://36kr.com/p/3136392982518272,1,0,0,
150,1491479,老板跟剧长较上劲了,老闆跟劇長較上勁了,老闆亮了，社畜慌了，粉絲急了。,2025-01-24 18:55:24,36kr,https://36kr.com/p/3136268576873217,1,0,0,
151,1491456,vivo胡柏山：AI对于用户体验短期提升不大，影像还是最大卖点 | 36氪专访,vivo胡柏山：AI對於用戶體驗短期提升不大，影像還是最大賣點 | 36氪專訪,“PhoneGPT的用戶需求已經產生，但估計沒有五年以上時間，還達不到一個讓人滿意的體驗。”,2025-01-24 18:46:16,36kr,https://36kr.com/p/3136081894513157,1,0,0,
152,1491455,氪星晚报｜美团外卖上线“春节送礼” ，可微信群发外卖礼包；小米汽车召回共计30931台SU7标准版电动汽车；HTC将部分XR业务出售给谷歌,氪星晚報｜美團外賣上線“春節送禮” ，可微信群發外賣禮包；小米汽車召回共計30931臺SU7標準版電動汽車；HTC將部分XR業務出售給谷歌,特朗普最新表態稱“寧願不對華加徵關稅” 中方已多次表明立場,2025-01-24 18:46:11,36kr,https://36kr.com/p/3136538097310466,1,0,0,
153,1491454,2025消费趋势：解读功效主义，品牌如何应对新消费需求,2025消費趨勢：解讀功效主義，品牌如何應對新消費需求,2025消費趨勢：解讀功效主義，品牌如何應對新消費需求,2025-01-24 18:46:06,36kr,https://36kr.com/p/3136430397636103,1,0,0,
154,1491453,三星Exynos芯片，被“嫌弃”的一生,三星Exynos芯片，被“嫌棄”的一生,內憂外患，難翻身。,2025-01-24 18:46:01,36kr,https://36kr.com/p/3136535478672136,1,0,0,
155,1491452,星巴克中国“女掌门人”交接,星巴克中國“女掌門人”交接,王靜瑛卸任星巴克中國CEO，劉文娟接任。,2025-01-24 18:45:56,36kr,https://36kr.com/p/3136535443462661,1,0,0,
156,1491451,微软的Hyperlight WebAssembly，虚拟机现已开源,微軟的Hyperlight WebAssembly，虛擬機現已開源,Hyperlight 是一個 Rust 庫，意在幫助開發者利用基於內核的虛擬機（KVM）或微軟原生的 Hyper-V 運行不受信任的代碼，而無需加載完整的操作系統。,2025-01-24 18:45:52,36kr,https://36kr.com/p/3136535146240771,1,0,0,
157,1491405,等待风暴：Tiktok禁令生效前的11个月,等待風暴：Tiktok禁令生效前的11個月,「Every storm runs out of rain.」,2025-01-24 18:22:22,36kr,https://36kr.com/p/3136446776475143,1,0,0,
158,1491404,单方面通知网易云不续约，大量用户已向监管部门举报SM娱乐“二选一”？,單方面通知網易雲不續約，大量用戶已向監管部門舉報SM娛樂“二選一”？,K-pop歌迷想過個好年，怎麼就這麼難？,2025-01-24 18:22:17,36kr,https://36kr.com/p/3136443626150405,1,0,0,
159,1491403,AI时代，年轻人的思维正在悄悄 “退化”？,AI時代，年輕人的思維正在悄悄 “退化”？,AI時代，年輕人的思維正在悄悄 “退化”？,2025-01-24 18:22:12,36kr,https://36kr.com/p/3136221053754118,1,0,0,
160,1491402,利润下滑35％，“快餐坪效王” 南城香怎么了？,利潤下滑35％，“快餐坪效王” 南城香怎麼了？,變革之年。,2025-01-24 18:22:07,36kr,https://36kr.com/p/3136102942080772,1,0,0,
161,1491376,智谱管理层变动：前Midjourney亚洲副总裁加入，首席战略官离职｜36氪独家,智譜管理層變動：前Midjourney亞洲副總裁加入，首席戰略官離職｜36氪獨家,智譜正在計劃引入一批年輕中高層，組成產品和商業化的中堅力量。,2025-01-24 18:10:22,36kr,https://36kr.com/p/3136299852356354,1,0,0,
162,1491375,敌人的敌人就是朋友，所以抖音和支付宝一起发红包了,敵人的敵人就是朋友，所以抖音和支付寶一起發紅包了,一代人有一代人的“雞蛋”要領。,2025-01-24 18:10:18,36kr,https://36kr.com/p/3136459084831490,1,0,0,
163,1491374,去理发店洗头，竟然有中风的风险？,去理髮店洗頭，竟然有中風的風險？,美容院中風綜合徵，值得了解一下。,2025-01-24 18:10:13,36kr,https://36kr.com/p/3136452953021184,1,0,0,
164,1491373,浙商首富要办大学，投资400亿,浙商首富要辦大學，投資400億,“辦一所中國沒有的大學。”,2025-01-24 18:10:08,36kr,https://36kr.com/p/3136451147169286,1,0,0,
165,1491321,OpenAI 首席产品官：2027 年 AI 会超越人类，也可能不用这么久,OpenAI 首席產品官：2027 年 AI 會超越人類，也可能不用這麼久,Sam 是我見過的最優秀的人,2025-01-24 17:54:28,36kr,https://36kr.com/p/3136430290344450,1,0,0,
166,1491320,哈尔滨热度赶超北上广，冰雪旅游都在玩什么？,哈爾濱熱度趕超北上廣，冰雪旅遊都在玩什麼？,“錯峰出行”“來都來了”“滴滴代滑”成了這一屆冰雪旅遊的行動指南,2025-01-24 17:54:23,36kr,https://36kr.com/p/3136376466725376,1,0,0,
167,1491319,年赚千万，谁在为AI输入法掏钱？,年賺千萬，誰在為AI輸入法掏錢？,男性付費用戶超9成,2025-01-24 17:54:19,36kr,https://36kr.com/p/3136364155247361,1,0,0,
168,1491318,六大维度，LLM「问题生成」首次正面PK人类，伯克利等发布最新研究,六大維度，LLM「問題生成」首次正面PK人類，伯克利等發佈最新研究,LLMs生成問題傾向長答案，均衡關注上下文。,2025-01-24 17:54:14,36kr,https://36kr.com/p/3136393100777986,1,0,0,
169,1491317,一年102亿，“黑料”越多，董宇辉带货越猛,一年102億，“黑料”越多，董宇輝帶貨越猛,自立門戶後，董宇輝怎麼樣了？,2025-01-24 17:54:10,36kr,https://36kr.com/p/3136353961630213,1,0,0,
170,1491316,回看“洋抖难民”狂欢，80、90、00后会想到什么,回看“洋抖難民”狂歡，80、90、00後會想到什麼,這事發展到現在，留下了什麼,2025-01-24 17:54:05,36kr,https://36kr.com/p/3136340955732738,1,0,0,
171,1491300,机器人通用大脑已投入产业化，「千诀科技」连续完成天使+和天使++轮融资 | 36氪首发,機器人通用大腦已投入產業化，「千訣科技」連續完成天使+和天使++輪融資 | 36氪首發,千訣的大模型已經在多個場景實現了落地，並與多家互聯網巨頭、3C巨頭客戶展開了合作。,2025-01-24 17:44:42,36kr,https://36kr.com/p/3136068103395845,1,0,0,
172,1491299,迪士尼邮轮，要抢自家乐园的生意,迪士尼郵輪，要搶自家樂園的生意,分一杯羹,2025-01-24 17:44:37,36kr,https://36kr.com/p/3136430174525953,1,0,0,
173,1491298,中国最讨人嫌的行业，挤满35+的中年人,中國最討人嫌的行業，擠滿35+的中年人,宇宙的盡頭除了編制，還有賣保險,2025-01-24 17:44:33,36kr,https://36kr.com/p/3136430354913797,1,0,0,
174,1491265,向视觉版o1出击，阶跃张祥雨团队推出“慢感知”，实现感知层面的推理时scaling,向視覺版o1出擊，階躍張祥雨團隊推出“慢感知”，實現感知層面的推理時scaling,未來視覺推理的重要基礎,2025-01-24 17:32:58,36kr,https://36kr.com/p/3136387506412037,1,0,0,
175,1491263,10年前爆火的共享办公品牌，都怎么样了？,10年前爆火的共享辦公品牌，都怎麼樣了？,“那些曾經獲得大量資本關注的共享辦公品牌們，有的倒閉、有的收縮，活下去是共同目標。,2025-01-24 17:32:54,36kr,https://36kr.com/p/3136472892431110,1,0,0,
176,1491225,“AI教父”本吉奥：AI可能会为了自保控制人类行为,“AI教父”本吉奧：AI可能會為了自保控制人類行為,他呼籲謹慎樂觀。,2025-01-24 17:20:27,36kr,https://36kr.com/p/3136387311147525,1,0,0,
177,1491191,安卓版Vision Pro来了，XR遇冷，三星能否力挽狂澜？,安卓版Vision Pro來了，XR遇冷，三星能否力挽狂瀾？,內容生態才是基石？,2025-01-24 17:06:17,36kr,https://36kr.com/p/3136258825698819,1,0,0,
178,1491164,OpenAI首个智能体Operator大测评，你也能拥有24小时私人管家,OpenAI首個智能體Operator大測評，你也能擁有24小時私人管家,OpenAI發佈Operator，自動化處理多種任務，但功能尚未完善。,2025-01-24 16:52:11,36kr,https://36kr.com/p/3136393172343555,1,0,0,
179,1491163,警方扣押严禁上路，打折搞促销，为啥Cybertruck卖不动了,警方扣押嚴禁上路，打折搞促銷，為啥Cybertruck賣不動了,真實訂單比例或僅2%,2025-01-24 16:52:06,36kr,https://36kr.com/p/3136408062892549,1,0,0,
180,1491135,史上最难大模型测试集，千名专家铸成，没有模型得分超过10％，但DeepSeek-R1超o1,史上最難大模型測試集，千名專家鑄成，沒有模型得分超過10％，但DeepSeek-R1超o1,機器+人工三輪篩選，3000餘道題目入圍,2025-01-24 16:37:54,36kr,https://36kr.com/p/3136387609123329,1,0,0,
181,1491133,杨立昆谈中国AI进展：中国科学家非常优秀，令人印象深刻,楊立昆談中國AI進展：中國科學家非常優秀，令人印象深刻,騰訊新聞在達沃斯現場發回報道,2025-01-24 16:37:49,36kr,https://36kr.com/p/3136387358612227,1,0,0,
182,1491132,总规模10亿，江西省首支机器人产业基金签约落地 | 最前线,總規模10億，江西省首支機器人產業基金簽約落地 | 最前線,已和七家項目公司簽約，智能仿生人形機器人項目總投資2.7億元。,2025-01-24 16:37:44,36kr,https://36kr.com/p/3136411461458688,1,0,0,
183,1491093,拒绝在工位“坐牢”，这届打工人午休选择走出去,拒絕在工位“坐牢”，這屆打工人午休選擇走出去,懂得享福的打工人，已經不滿足於公司午休,2025-01-24 16:20:43,36kr,https://36kr.com/p/3136276011440644,1,0,0,
184,1491092,电主轴技术填补国产空白，「博华精密主轴」获5000万元首轮投资 | 36氪首发,電主軸技術填補國產空白，「博華精密主軸」獲5000萬元首輪投資 | 36氪首發,36氪獲悉，2025年「博華精密主軸」將與蘋果產業鏈進一步合作，為其提供主軸產品。,2025-01-24 16:20:37,36kr,https://36kr.com/p/3136230421748232,1,0,0,
185,1491069,36氪首发｜在湖南开出80余家门店，「猪司令」完成600万元天使轮融资,36氪首發｜在湖南開出80餘家門店，「豬司令」完成600萬元天使輪融資,豬肉生鮮渠道的品牌化仍有空間。,2025-01-24 16:02:52,36kr,https://36kr.com/p/3135116235414273,1,0,0,
186,1491068,房企2024预亏榜：金科205-285亿；金融街90-120亿；荣盛72-95亿,房企2024預虧榜：金科205-285億；金融街90-120億；榮盛72-95億,錢難賺。,2025-01-24 16:02:48,36kr,https://36kr.com/p/3136382266104327,1,0,0,
187,1491067,4年亏400亿，2025年第一个退市首富出现,4年虧400億，2025年第一個退市首富出現,前首富，扛不住了。,2025-01-24 16:02:43,36kr,https://36kr.com/p/3136221873445380,1,0,0,
188,1491066,做自媒体、开淘宝店，全网3500万粉丝的经济学家带来最新观察,做自媒體、開淘寶店，全網3500萬粉絲的經濟學家帶來最新觀察,《天下網商》對話經濟學家任澤平：“悲觀者正確，樂觀者前行，世界終將屬於長期樂觀主義者。”,2025-01-24 16:02:39,36kr,https://36kr.com/p/3136221245676292,1,0,0,
189,1490898,米哈游腾讯投的AI独角兽火出圈，背后竟有心动的人？,米哈遊騰訊投的AI獨角獸火出圈，背後竟有心動的人？,堅持做有價值的事，一定會有意義。,2025-01-24 13:13:04,36kr,https://36kr.com/p/3135361973197317,1,0,0,
190,1490897,中国旅游产业十年蜕变：2014-2023年增加值分析报告,中國旅遊產業十年蛻變：2014-2023年增加值分析報告,解鎖十年增長密碼,2025-01-24 13:12:56,36kr,https://36kr.com/p/3135387067783684,1,0,0,
191,1490896,县城品牌挤进海淀大悦城，遭群嘲,縣城品牌擠進海淀大悅城，遭群嘲,我只配土潮？,2025-01-24 13:12:50,36kr,https://36kr.com/p/3136184820898564,1,0,0,
192,1490895,80后天才兄弟，造出3000亿“寒王”,80後天才兄弟，造出3000億“寒王”,兩兄弟都來自中科大少年班,2025-01-24 13:12:46,36kr,https://36kr.com/p/3136175262800387,1,0,0,
193,1490894,奥特曼晒“星际之门”首期工厂，全美狂建20座超算，70万块GPU老黄爆赚375亿,奧特曼晒“星際之門”首期工廠，全美狂建20座超算，70萬塊GPU老黃爆賺375億,全部用於一次訓練,2025-01-24 13:12:42,36kr,https://36kr.com/p/3136214143130112,1,0,0,
194,1490893,热播剧《漂白》难“漂白”？,熱播劇《漂白》難“漂白”？,《漂白》的前景，陷入一片迷霧。,2025-01-24 13:12:37,36kr,https://36kr.com/p/3136209623882501,1,0,0,
195,1490892,OpenAI 想了快 10 年的超级智能体终于来了，有惊喜，但比智谱晚还“翻车”系数高？,OpenAI 想了快 10 年的超級智能體終於來了，有驚喜，但比智譜晚還“翻車”係數高？,Operator“好壞參半”,2025-01-24 13:12:32,36kr,https://36kr.com/p/3136202542111489,1,0,0,
196,1490891,疯狂的跨境ETF炒作，溢价率50％、换手率10倍、罕见紧急停牌,瘋狂的跨境ETF炒作，溢價率50％、換手率10倍、罕見緊急停牌,擾亂“一池春水”,2025-01-24 13:12:28,36kr,https://36kr.com/p/3136200690539268,1,0,0,
197,1490868,丰田汽车整合中国业务，两汽合资品牌迎来融合｜36氪独家,豐田汽車整合中國業務，兩汽合資品牌迎來融合｜36氪獨家,人事調整，業務統合，豐田尋求中國破局,2025-01-24 12:59:36,36kr,https://36kr.com/p/3131886737267465,1,0,0,
198,1490838,在北非桥头堡，中国企业找到乐土,在北非橋頭堡，中國企業找到樂土,摩洛哥為什麼能夠吸引大批中國企業“聯翩而至”？,2025-01-24 12:42:28,36kr,https://36kr.com/p/3136165025775368,1,0,0,
199,1490837,从“网红”到“网黑”，哈尔滨的新年开局崩了？,從“網紅”到“網黑”，哈爾濱的新年開局崩了？,雙方壓翹翹板的過程中，找到一種平衡。,2025-01-24 12:42:23,36kr,https://36kr.com/p/3136164182530822,1,0,0,
200,1490784,算完春节经济账，我选择原地过年,算完春節經濟賬，我選擇原地過年,回家，肯定得花錢，不回家，或許能賺錢,2025-01-24 12:14:14,36kr,https://36kr.com/p/3136144347159045,1,0,0,
201,1490783,全球117家公司激战消费级AI硬件市场，七成为中国公司,全球117家公司激戰消費級AI硬件市場，七成為中國公司,AI硬件能孕育出新的巨頭嗎？,2025-01-24 12:14:10,36kr,https://36kr.com/p/3136143889062660,1,0,0,
202,1490782,浙大天才，震惊全球,浙大天才，震驚全球,2024年末，一位科技創業者火了。,2025-01-24 12:14:05,36kr,https://36kr.com/p/3136139039021568,1,0,0,
203,1490781,史上最强春节档：预售超4亿，谁在你的心趴上？,史上最強春節檔：預售超4億，誰在你的心趴上？,19.9是春節檔最後的溫柔？,2025-01-24 12:14:01,36kr,https://36kr.com/p/3136133074180866,1,0,0,
204,1490780,2025餐饮行业四大趋势，加盟商必看,2025餐飲行業四大趨勢，加盟商必看,順勢而為,2025-01-24 12:13:56,36kr,https://36kr.com/p/3136143973302023,1,0,0,
205,1490766,非标商业还有新玩法！这8个新开的街区又酷又chill,非標商業還有新玩法！這8個新開的街區又酷又chill,一個比一個耐逛！,2025-01-24 12:04:45,36kr,https://36kr.com/p/3136105040517891,1,0,0,
206,1490765,揭秘宠物全链条：毛孩子的世界何以更美好？,揭祕寵物全鏈條：毛孩子的世界何以更美好？,讓寵物世界變得更好的過程中，總要有人結伴同行。,2025-01-24 12:04:40,36kr,https://36kr.com/p/3135142041737733,1,0,0,
207,1490764,400亿，他要在杭州建大学,400億，他要在杭州建大學,400億，他要在杭州建大學,2025-01-24 12:04:36,36kr,https://36kr.com/p/3136147958159880,1,0,0,
208,1490729,2025年，淘宝打响商家利益保卫战,2025年，淘寶打響商家利益保衛戰,淘寶轉舵，劍指“羊毛黨”。,2025-01-24 11:42:47,36kr,https://36kr.com/p/3135380386487041,1,0,0,
209,1490728,给麦当劳提供环保餐饮具的富岭科技上市：市值137亿，江桂兰家族色彩浓厚,給麥當勞提供環保餐飲具的富嶺科技上市：市值137億，江桂蘭家族色彩濃厚,前9個月營收17億，淨利1.6億,2025-01-24 11:42:41,36kr,https://36kr.com/p/3135391224896008,1,0,0,
210,1490727,OpenAI重磅推出Operator-旗下首款AI智能体正式亮相,OpenAI重磅推出Operator-旗下首款AI智能體正式亮相,會自我糾錯的Agent來了。,2025-01-24 11:42:37,36kr,https://36kr.com/p/3136081630616068,1,0,0,
211,1490725,10亿基金落地，这座中部城市打响了人形机器人第一枪,10億基金落地，這座中部城市打響了人形機器人第一槍,低調的贛州，拿到一副好牌。,2025-01-24 11:42:30,36kr,https://36kr.com/p/3136121640983298,1,0,0,
212,1490724,肖战、于适加入，团结一切力量拯救电影票房,肖戰、於適加入，團結一切力量拯救電影票房,過年很重要，過日子更重要,2025-01-24 11:42:26,36kr,https://36kr.com/p/3136108038003456,1,0,0,
213,1490722,AI搜索爆了，小红书、百度都急了,AI搜索爆了，小紅書、百度都急了,AI搜索要革傳統搜索的命？,2025-01-24 11:42:21,36kr,https://36kr.com/p/3136092507700999,1,0,0,
214,1490720,外国人涌入上海过春节，平台争相承接新流量,外國人湧入上海過春節，平臺爭相承接新流量,平臺們希望通過新舉措，讓這些遊客將對中國的好印象帶向世界，成為中國旅遊的“回頭客”。,2025-01-24 11:42:13,36kr,https://36kr.com/p/3136091128584965,1,0,0,
215,1490719,2024年全球医疗健康投融资分析报告,2024年全球醫療健康投融資分析報告,2012年-2024年全球醫療健康產業融資變化趨勢,2025-01-24 11:42:07,36kr,https://36kr.com/p/3135985276508680,1,0,0,
216,1490646,又开始了，上海启动巨量拆迁旧改,又開始了，上海啟動巨量拆遷舊改,正在發生,2025-01-24 11:04:06,36kr,https://36kr.com/p/3136079223429640,1,0,0,
217,1490637,将有多少中长期资金进入A股？多家券商全面解读,將有多少中長期資金進入A股？多家券商全面解讀,有三個關鍵信息可供解讀,2025-01-24 10:55:35,36kr,https://36kr.com/p/3136055281474050,1,0,0,
218,1490636,英伟达，又挖了一道护城河,英偉達，又挖了一道護城河,從工業生產到自動駕駛,2025-01-24 10:55:30,36kr,https://36kr.com/p/3136049671789062,1,0,0,
219,1490635,预见2025：闭店14万家的新茶饮将迎来哪些风向和挑战？,預見2025：閉店14萬家的新茶飲將迎來哪些風向和挑戰？,“破卷”，成為新茶飲品牌2024年的關鍵方向。,2025-01-24 10:55:25,36kr,https://36kr.com/p/3135352820678148,1,0,0,
220,1490634,2024一路狂飙的赛道：从端游到小游戏火足3年,2024一路狂飆的賽道：從端游到小遊戲火足3年,可能也是今年最值得期待的賽道之一。,2025-01-24 10:55:20,36kr,https://36kr.com/p/3135295610558976,1,0,0,
221,1490632,「天天百应」已完成数千万元Pre-A轮融资，加速门店维修服务数字化 | 36氪首发,「天天百應」已完成數千萬元Pre-A輪融資，加速門店維修服務數字化 | 36氪首發,已服務沃爾瑪、盒馬、泡泡瑪特、安踏等超過700家品牌。,2025-01-24 10:54:56,36kr,https://36kr.com/p/3134949023914756,1,0,0,
222,1490631,存量土地回购是推动房地产“止跌回稳”核心引擎,存量土地回購是推動房地產“止跌回穩”核心引擎,截至2023年底，總土地儲備面積TOP10房企合計總土儲面積約85591萬平方米。,2025-01-24 10:54:52,36kr,https://36kr.com/p/3136071540627969,1,0,0,
223,1490629,不藏了，楼盘短视频的40条干货经验,不藏了，樓盤短視頻的40條幹貨經驗,樓盤短視頻不止是產品力的說明書，更是播種機……,2025-01-24 10:53:49,36kr,https://36kr.com/p/3134722025249282,1,0,0,
224,1490626,要向山姆“看齐”？量贩零食头部品牌转型硬折扣超市寻增量,要向山姆“看齊”？量販零食頭部品牌轉型硬折扣超市尋增量,山姆“看齊”非易事,2025-01-24 10:52:45,36kr,https://36kr.com/p/3136055905032706,1,0,0,
225,1490619,“迷失”FILA，迎来新掌门,“迷失”FILA，迎來新掌門,FILA 第二春的答案並不明朗。,2025-01-24 10:50:44,36kr,https://36kr.com/p/3136054432972289,1,0,0,
226,1490618,从背靠华为到傍上雷军，“湖南富豪”朱兴明拿下第二个IPO,從背靠華為到傍上雷軍，“湖南富豪”朱興明拿下第二個IPO,“千億大佬”也拿小鵬、理想的賬期沒辦法？,2025-01-24 10:50:40,36kr,https://36kr.com/p/3136076043328261,1,0,0,
227,1490617,你以为你在支付宝集福，其实你是在4399,你以為你在支付寶集福，其實你是在4399,想集福卡的人，最終都玩了一天的遊戲,2025-01-24 10:50:35,36kr,https://36kr.com/p/3136078034033410,1,0,0,
228,1490562,以岭药业预亏，“连花清瘟之父”吴以岭家族财富缩水,以嶺藥業預虧，“連花清瘟之父”吳以嶺家族財富縮水,以嶺需要尋找新增長點。,2025-01-24 10:11:47,36kr,https://36kr.com/p/3135464539062021,1,0,0,
229,1490561,ICLR 2025超万篇论文厮杀，录用率32.08％，首个满分论文或预定best paper？,ICLR 2025超萬篇論文廝殺，錄用率32.08％，首個滿分論文或預定best paper？,首個滿分論文，預定「最佳論文」,2025-01-24 10:11:43,36kr,https://36kr.com/p/3136011061451268,1,0,0,
230,1490560,2025年淘宝集中出招，要向“羊毛党”宣战,2025年淘寶集中出招，要向“羊毛黨”宣戰,電商再迎價值迴歸時刻。,2025-01-24 10:11:38,36kr,https://36kr.com/p/3136034080873224,1,0,0,
231,1490544,阳光融汇资本：十年磨一剑，不骄亦不惧,陽光融匯資本：十年磨一劍，不驕亦不懼,投資沒有捷徑，唯耐心與堅持可致遠,2025-01-24 10:02:00,36kr,https://36kr.com/p/3136032326883840,1,0,0,
232,1490543,特朗普退出巴黎协定，芯片业碳中和完了没？,特朗普退出巴黎協定，芯片業碳中和完了沒？,2024年已經成為了歷史最熱一年，脫碳化已經刻不容緩。,2025-01-24 10:01:55,36kr,https://36kr.com/p/3136011258665478,1,0,0,
233,1490542,36氪首发｜不停科技完成超千万美元A++轮融资，加速AI数字厨房进程,36氪首發｜不停科技完成超千萬美元A++輪融資，加速AI數字廚房進程,加速在全球市場的落地與服務。,2025-01-24 10:01:50,36kr,https://36kr.com/p/3135083547302408,1,0,0,
234,1490541,北京人工智能基金出手，清华系AI创企再获融资,北京人工智能基金出手，清華系AI創企再獲融資,清程極智聯合創始人湯雄超為字節系創業者；作為天使輪投資方，近期智譜退出清程極智，退出前持股比例2.16%。,2025-01-24 10:01:45,36kr,https://36kr.com/p/3136011061369609,1,0,0,
235,1490540,OpenAI发布首个电脑智能体,OpenAI發佈首個電腦智能體,希望國內AI趕緊彎道超車它,2025-01-24 10:01:41,36kr,https://36kr.com/p/3135969456020231,1,0,0,
236,1490539,用好深度搜索的8个方法,用好深度搜索的8個方法,讓AI幫助我們變得更智慧,2025-01-24 10:01:37,36kr,https://36kr.com/p/3135969380227844,1,0,0,
237,1490515,占道出片的景区商拍，逼疯多少普通游客,佔道出片的景區商拍，逼瘋多少普通遊客,商拍的邊界到底在哪裡？,2025-01-24 09:42:09,36kr,https://36kr.com/p/3135412068850183,1,0,0,
238,1490514,《漂白》成开年第一爆，但真实刑案的影视化需要边界,《漂白》成開年第一爆，但真實刑案的影視化需要邊界,真實刑案改編的尺度在哪？,2025-01-24 09:42:05,36kr,https://36kr.com/p/3135411399023362,1,0,0,
239,1490513,刚刚，OpenAI首个智能体提前曝光，高级编码AI剑指400万年薪L6级工程师,剛剛，OpenAI首個智能體提前曝光，高級編碼AI劍指400萬年薪L6級工程師,AI編碼智能體，直通資深技術大咖,2025-01-24 09:42:01,36kr,https://36kr.com/p/3135508967430661,1,0,0,
240,1490512,这家公司计划在黑夜贩卖阳光，如何在宇宙中建造“太空路灯”？,這家公司計劃在黑夜販賣陽光，如何在宇宙中建造“太空路燈”？,商業噱頭or科技創新,2025-01-24 09:41:57,36kr,https://36kr.com/p/3135867035654914,1,0,0,
241,1490510,失守“第三城”，汽车重镇等拐点,失守“第三城”，汽車重鎮等拐點,2025年將是關鍵分水嶺,2025-01-24 09:41:52,36kr,https://36kr.com/p/3135934908553993,1,0,0,
242,1490509,快递业2024：被围攻的顺丰和中通,快遞業2024：被圍攻的順豐和中通,王座在流血,2025-01-24 09:41:48,36kr,https://36kr.com/p/3135962100521734,1,0,0,
243,1490508,A股的尽头是电力,A股的盡頭是電力,用電量代表了企業基本面​。,2025-01-24 09:41:43,36kr,https://36kr.com/p/3135969189632513,1,0,0,
244,1490507,过个好年，高质量春节假期这么打开,過個好年，高質量春節假期這麼打開,讓假期變爽,2025-01-24 09:41:39,36kr,https://36kr.com/p/3135982010866178,1,0,0,
245,1490506,50岁，我在海外和00后做同学,50歲，我在海外和00後做同學,一生好學的中國人已經進化到了next level。,2025-01-24 09:41:35,36kr,https://36kr.com/p/3135983414663936,1,0,0,
246,1490505,很多公司不是败给了对手，而是输在了“战略稀释”上,很多公司不是敗給了對手，而是輸在了“戰略稀釋”上,成功的公司總能精準地將戰略核心凝練為幾個關鍵要素。,2025-01-24 09:41:30,36kr,https://36kr.com/p/3135985287207686,1,0,0,
247,1490504,Anthropic 又传融资 20 亿美金，OpenAI劲敌终养成,Anthropic 又傳融資 20 億美金，OpenAI勁敵終養成,躋身美國五大最有價值的初創企業之列,2025-01-24 09:41:26,36kr,https://36kr.com/p/3135985405680385,1,0,0,
248,1490503,高绩效团队，其实更需要心理安全感,高績效團隊，其實更需要心理安全感,心理安全既脆弱又至關重要。,2025-01-24 09:41:21,36kr,https://36kr.com/p/3135985366047489,1,0,0,
249,1490502,半年亏了1个亿，俞敏洪可曾后悔“去董化”？,半年虧了1個億，俞敏洪可曾後悔“去董化”？,業績低谷，俞敏洪如何破局？,2025-01-24 09:41:17,36kr,https://36kr.com/p/3136008947800581,1,0,0,
250,1490501,2024，印度电影大刹车,2024，印度電影大剎車,前景依舊看好。,2025-01-24 09:41:12,36kr,https://36kr.com/p/3135341250025989,1,0,0,
251,1490500,“小男子主义”的背后，藏着观众审美的哪些变化？,“小男子主義”的背後，藏著觀眾審美的哪些變化？,影視創作的長久發展之計，不是侷限於“性別市場”,2025-01-24 09:41:08,36kr,https://36kr.com/p/3135333214771973,1,0,0,
252,1490499,2025年第一个暴富机会，我连握住的机会都没有,2025年第一個暴富機會，我連握住的機會都沒有,蛇年第一個“頂流”。,2025-01-24 09:41:03,36kr,https://36kr.com/p/3135312152369671,1,0,0,
253,1490498,2025第一支翻倍股，落了,2025第一支翻倍股，落了,實力難當。,2025-01-24 09:40:59,36kr,https://36kr.com/p/3135275860564482,1,0,0,
254,1490494,不买立省100％？但这次手机的国补真有点香,不買立省100％？但這次手機的國補真有點香,手機廠商們的漲價幅度，跟國補力度相互對沖了。,2025-01-24 09:32:49,36kr,https://36kr.com/p/3135959881063175,1,0,0,
255,1490493,被误解的县城酒店,被誤解的縣城酒店,解剖縣城酒店市場。,2025-01-24 09:32:45,36kr,https://36kr.com/p/3135953496545793,1,0,0,
256,1490492,就连村里的老人，都开始玩AI了,就連村裡的老人，都開始玩AI了,老人的“賽博新時尚”。,2025-01-24 09:32:41,36kr,https://36kr.com/p/3135946491582985,1,0,0,
257,1490491,一年暴涨224％，20年的互联网“老兵”，靠AI逆袭了,一年暴漲224％，20年的互聯網“老兵”，靠AI逆襲了,靠優質數據，抱上AI巨頭大腿,2025-01-24 09:32:36,36kr,https://36kr.com/p/3135405781801477,1,0,0,
258,1490490,通过台积电看宁王：逃不掉的周期宿命,通過臺積電看寧王：逃不掉的週期宿命,寧德時代和臺積電的投資邏輯有何不同？,2025-01-24 09:32:32,36kr,https://36kr.com/p/3135411185605124,1,0,0,
259,1490484,抖音上线打车，万亿赛道迎来搅局者？,抖音上線打車，萬億賽道迎來攪局者？,抖音打造出行生態。,2025-01-24 09:23:08,36kr,https://36kr.com/p/3135979922463488,1,0,0,
260,1490483,我，00后，给3个陌生女孩当妈妈,我，00後，給3個陌生女孩當媽媽,媽媽能否找人替代？,2025-01-24 09:23:04,36kr,https://36kr.com/p/3135976034097921,1,0,0,
261,1490482,“晋江式演技”爆火，是审美降级吗？,“晉江式演技”爆火，是審美降級嗎？,觀眾為何愛上“邪魅狂狷”？,2025-01-24 09:23:00,36kr,https://36kr.com/p/3135972181793541,1,0,0,
262,1490481,特朗普不爱ESG，金融机构纷纷撤退,特朗普不愛ESG，金融機構紛紛撤退,在特朗普上一任期，他不喜ESG的立場已有顯現。,2025-01-24 09:22:55,36kr,https://36kr.com/p/3135971657620228,1,0,0,
263,1490480,微信更新后，不用解锁手机，也能接听语音了？,微信更新後，不用解鎖手機，也能接聽語音了？,終於能鎖屏接語音了！,2025-01-24 09:22:51,36kr,https://36kr.com/p/3135960174025223,1,0,0,
264,1490471,狂砸400亿买卡，字节重注AGI，张一鸣有何阳谋？,狂砸400億買卡，字節重注AGI，張一鳴有何陽謀？,2025年成AGI元年？,2025-01-24 09:13:27,36kr,https://36kr.com/p/3135395264904710,1,0,0,
265,1490470,亏亏亏，“AI四小龙”谁将留在牌桌上？,虧虧虧，“AI四小龍”誰將留在牌桌上？,AI2.0時代群雄環伺，有廠商稱尚未盈利亦是競爭加劇所致，“四小龍”們積極求變。,2025-01-24 09:13:22,36kr,https://36kr.com/p/3135450181556996,1,0,0,
266,1490469,8点1氪｜LG杯围棋决赛柯洁不接受处罚退赛，韩国选手夺冠；A股同日现两起天价离婚；苹果手表被曝自动卸载App,8點1氪｜LG杯圍棋決賽柯潔不接受處罰退賽，韓國選手奪冠；A股同日現兩起天價離婚；蘋果手錶被曝自動卸載App,中國圍棋協會不接受本屆LG杯第三局結果。,2025-01-24 09:13:18,36kr,https://36kr.com/p/3135982782470912,1,0,0,
267,1490123,大模型2025三大争议：技术、价格、AGI,大模型2025三大爭議：技術、價格、AGI,想站穩腳跟，不能走捷徑。,2025-01-23 23:47:51,36kr,https://36kr.com/p/3135411079535110,1,0,0,
268,1490047,出海速递｜出海做得好的企业有哪些共识与反共识？/沙特王储与特朗普通话，称拟将沙特与美国投资和贸易关系扩大6000亿美元,出海速遞｜出海做得好的企業有哪些共識與反共識？/沙特王儲與特朗普通話，稱擬將沙特與美國投資和貿易關係擴大6000億美元,查閱更多出海好文章，請移步出海官網 letschuhai.com。,2025-01-23 22:50:26,36kr,https://36kr.com/p/3134767849773831,1,0,0,
269,1490007,日产放弃在美国推出小型电动SUV的计划，捷豹路虎宣称目前正在研发路虎卫士EV｜海外日报,日產放棄在美國推出小型電動SUV的計劃，捷豹路虎宣稱目前正在研發路虎衛士EV｜海外日報,1 月 23 日 EV Focus 海外日報,2025-01-23 22:18:02,36kr,https://36kr.com/p/3135335869078019,1,0,0,
270,1489970,苏州跑出超级隐形冠军：年入5.2亿，全国第一,蘇州跑出超級隱形冠軍：年入5.2億，全國第一,錦藝新材向上交所發起IPO衝刺。,2025-01-23 21:51:07,36kr,https://36kr.com/p/3135244736617217,1,0,0,
271,1489969,小厂做“大游戏”，大厂做“小游戏”，游戏行业2024在割裂中前行,小廠做“大遊戲”，大廠做“小遊戲”，遊戲行業2024在割裂中前行,​有巨頭下位，有新秀登場，有人一飛沖天，也有人跌落深淵，在這樣的割裂中，遊戲行業內玩家對於2024年的感受各有不同。,2025-01-23 21:51:02,36kr,https://36kr.com/p/3135134837398279,1,0,0,
272,1489968,五千亿童装市场，安踏能占几何？,五千億童裝市場，安踏能佔幾何？,從0到1難，從1到10更難,2025-01-23 21:50:57,36kr,https://36kr.com/p/3135236317363717,1,0,0,
273,1489967,假谦虚，职场大忌,假謙虛，職場大忌,談古論今“偽裝的不情願“領導者,2025-01-23 21:50:52,36kr,https://36kr.com/p/3135245416045062,1,0,0,
274,1489933,2025车市风向，藏在这几款新车中,2025車市風向，藏在這幾款新車中,2025年汽車市場三大趨勢：一，造車新勢力加速搶佔市場；二，中國品牌衝擊更高端市場；三，傳統跨國車企因中國市場大變。,2025-01-23 21:34:25,36kr,https://36kr.com/p/3135204226596356,1,0,0,
275,1489932,预制菜“攻占”年夜饭，几人欢喜几人忧？,預製菜“攻佔”年夜飯，幾人歡喜幾人憂？,一邊嫌棄，一邊買爆。,2025-01-23 21:34:19,36kr,https://36kr.com/p/3135209985563401,1,0,0,
276,1489931,TikTok美国熬过生死局，玩家多平台布局避险,TikTok美國熬過生死局，玩家多平臺佈局避險,TikTok續命75天，玩家們加速多渠道佈局。,2025-01-23 21:34:15,36kr,https://36kr.com/p/3135217131879943,1,0,0,
277,1489930,机器人泛化怎么做？银河通用、灵初智能、星海图给出三种路径,機器人泛化怎麼做？銀河通用、靈初智能、星海圖給出三種路徑,探索機器人訓練的多種數據策略提升泛化能力。,2025-01-23 21:34:10,36kr,https://36kr.com/p/3135221526158088,1,0,0,
278,1489929,杭州杀出490亿超级独角兽：年入18亿，全国第一,杭州殺出490億超級獨角獸：年入18億，全國第一,微醫第二次衝刺港股IPO。,2025-01-23 21:34:03,36kr,https://36kr.com/p/3135244655974920,1,0,0,
279,1489927,给19万员工减负，董事长下令：严禁下班时间开会，减少微信群，内部沟通严禁PPT，总裁也要自己写材料……网友叫好：建议推广,給19萬員工減負，董事長下令：嚴禁下班時間開會，減少微信群，內部溝通嚴禁PPT，總裁也要自己寫材料……網友叫好：建議推廣,美的簡化工作，聚焦用戶與業務，嚴控形式主義。,2025-01-23 21:33:56,36kr,https://36kr.com/p/3135267264748295,1,0,0,
280,1489890,会用ChatGPT≠工程师，谷歌资深员工发文，揭秘AI编程不为人知的真相,會用ChatGPT≠工程師，谷歌資深員工發文，揭祕AI編程不為人知的真相,AI編碼助力效率，但需人類監督和深度理解。,2025-01-23 21:18:31,36kr,https://36kr.com/p/3135234365135624,1,0,0,
281,1489889,2025智能体元年，斯坦福科学家8000字讲清所有要点,2025智能體元年，斯坦福科學家8000字講清所有要點,智能體可感知環境，使用工具完成複雜任務，面臨規劃和工具使用挑戰。,2025-01-23 21:18:27,36kr,https://36kr.com/p/3135233598167816,1,0,0,
282,1489871,搞团购、做家政，京东的本地生活服务虽迟但到,搞團購、做家政，京東的本地生活服務雖遲但到,現在對於京東來說，此時入局似乎是有點晚了。,2025-01-23 21:03:51,36kr,https://36kr.com/p/3135241555302913,1,0,0,
283,1489870,抢在其他大厂前，腾讯要做3D版的“秒剪”,搶在其他大廠前，騰訊要做3D版的“秒剪”,技術角逐才剛剛開始，騰訊們仍然有足夠的時間和金錢來應對挑戰。,2025-01-23 21:03:47,36kr,https://36kr.com/p/3135227719309827,1,0,0,
284,1489869,「百搭伊利」如何爆改春节营销？,「百搭伊利」如何爆改春節營銷？,不當主角，也能是主角。,2025-01-23 21:03:42,36kr,https://36kr.com/p/3135153905916420,1,0,0,
285,1489868,2025保险展望②：保险预定利率连降，动态调整成为新常态,2025保險展望②：保險預定利率連降，動態調整成為新常態,預定利率進入動態調整時代，其研究值將直接決定行業的預定利率是否需要調整，研究值主要參考市場利率變化和行業資產負債管理情況,2025-01-23 21:03:37,36kr,https://36kr.com/p/3135200503094018,1,0,0,
286,1489866,微信“送礼物”的第一波流量，被直播电商抢去了,微信“送禮物”的第一波流量，被直播電商搶去了,直播電商公司銷售自營品、利用粉絲經濟增長起來的商業模式，的確高度匹配微信電商的生態。,2025-01-23 21:03:32,36kr,https://36kr.com/p/3135227648776704,1,0,0,
287,1489839,中国最富贵的城，欠南方人一个解释,中國最富貴的城，欠南方人一個解釋,還缺人不？,2025-01-23 20:47:15,36kr,https://36kr.com/p/3134847779003141,1,0,0,
288,1489838,华为重回第一，iPhone中国销量大跌，多款机型加入国补,華為重回第一，iPhone中國銷量大跌，多款機型加入國補,華為市場份額領先，重返全球市場，蘋果出貨量下降。,2025-01-23 20:47:10,36kr,https://36kr.com/p/3134836986583809,1,0,0,
289,1489820,2025，自动驾驶商业化将迎关键跨越之年,2025，自動駕駛商業化將迎關鍵跨越之年,技術拐點已經到來,2025-01-23 20:38:08,36kr,https://36kr.com/p/3135053605240579,1,0,0,
290,1489819,公募四季报出炉，A股价值投资谁跑赢了市场？,公募四季報出爐，A股價值投資誰跑贏了市場？,哪位基金經理是A股價值型投資的真正高手？,2025-01-23 20:38:03,36kr,https://36kr.com/p/3135040253172485,1,0,0,
291,1489818,年终复盘：AI大模型时代，算力隐秘的角落,年終覆盤：AI大模型時代，算力隱祕的角落,才剛兩年，世界又變了。,2025-01-23 20:37:59,36kr,https://36kr.com/p/3134871727151620,1,0,0,
292,1489816,人形机器人，自动驾驶“老炮”创业第二站,人形機器人，自動駕駛“老炮”創業第二站,老炮不死，創業不止。,2025-01-23 20:37:53,36kr,https://36kr.com/p/3134852094499589,1,0,0,
293,1489790,OpenAI新研究：o1增加推理时间就能防攻击，网友：DeepSeek也受益,OpenAI新研究：o1增加推理時間就能防攻擊，網友：DeepSeek也受益,新Scaling Law含金量又增加了,2025-01-23 20:22:52,36kr,https://36kr.com/p/3135070974958337,1,0,0,
294,1489789,特朗普宣布美国退出《巴黎协定》，对新能源企业有何影响？,特朗普宣佈美國退出《巴黎協定》，對新能源企業有何影響？,電力行業大變革,2025-01-23 20:22:45,36kr,https://36kr.com/p/3135155473636098,1,0,0,
295,1489788,美国仅存的上市无人驾驶公司要开始赚钱了？,美國僅存的上市無人駕駛公司要開始賺錢了？,Aurora即將推無人駕駛卡車，挑戰多盈利難。,2025-01-23 20:22:39,36kr,https://36kr.com/p/3135148101229312,1,0,0,
296,1489787,库迪咖啡卖盒饭，比沙县小吃还便宜,庫迪咖啡賣盒飯，比沙縣小吃還便宜,陸正耀的步子邁得有點大,2025-01-23 20:22:34,36kr,https://36kr.com/p/3135147934243328,1,0,0,
297,1489757,净利预降超1150％，老牌化工企业天原股份或迎上市首亏，左“磷”右“锂”拖后腿,淨利預降超1150％，老牌化工企業天原股份或迎上市首虧，左“磷”右“鋰”拖後腿,自2010年上市以來首份虧損成績單,2025-01-23 20:06:22,36kr,https://36kr.com/p/3135155376986886,1,0,0,
298,1489756,碎银时代，品牌如何借IP赢得“情绪战场”？,碎銀時代，品牌如何借IP贏得“情緒戰場”？,品牌怎麼用IP，才能最大化賦能營銷與傳播？,2025-01-23 20:06:18,36kr,https://36kr.com/p/3135158199360003,1,0,0,
299,1489755,为了讨好年轻人，各大电商在这个年货节拼了,為了討好年輕人，各大電商在這個年貨節拼了,年貨，賣的都是情緒價值。,2025-01-23 20:06:10,36kr,https://36kr.com/p/3135164486720008,1,0,0,
300,1489706,顶巧餐饮集团计划今年赴港上市：旗下拥有德克士、贝瑞咖啡等品牌,頂巧餐飲集團計劃今年赴港上市：旗下擁有德克士、貝瑞咖啡等品牌,門店總數超3000家。,2025-01-23 19:45:56,36kr,https://36kr.com/p/3134829718231556,1,0,0,
301,1489682,逃离美国围剿，TikTok Shop急赴欧洲求生,逃離美國圍剿，TikTok Shop急赴歐洲求生,歐洲雖好，煩心事也多。,2025-01-23 19:33:54,36kr,https://36kr.com/p/3135035247591172,1,0,0,
302,1489680,Salesforce停止招聘程序员？中国大厂有什么动作,Salesforce停止招聘程序員？中國大廠有什麼動作,中國大廠，30%的代碼由AI生成。,2025-01-23 19:33:49,36kr,https://36kr.com/p/3135048490900230,1,0,0,
303,1489651,超级主播倒下的时代，MCN如何做长期生意？,超級主播倒下的時代，MCN如何做長期生意？,回望2024，看向2025。,2025-01-23 19:20:28,36kr,https://36kr.com/p/3135058239511044,1,0,0,
304,1489620,小模型也能玩转RAG，性能仅降1％，存储省75％，边缘设备轻松跑,小模型也能玩轉RAG，性能僅降1％，存儲省75％，邊緣設備輕鬆跑,RAG應用門檻降至1.5B參數規模,2025-01-23 19:06:36,36kr,https://36kr.com/p/3135070830074631,1,0,0,
305,1489619,Web开发29年，中年程序员编写AI应用：“减少LLM的工作量，自己多写点代码”,Web開發29年，中年程序員編寫AI應用：“減少LLM的工作量，自己多寫點代碼”,深入探討 LLM 在輔助人類執行任務方面的能力與侷限性。,2025-01-23 19:06:31,36kr,https://36kr.com/p/3135142402661125,1,0,0,
306,1489618,3.6 万亿的史上最大AI项目引发骂战，马斯克怒斥骗局，OpenAI目标直指10亿日活,3.6 萬億的史上最大AI項目引發罵戰，馬斯克怒斥騙局，OpenAI目標直指10億日活,AI 真的要開始「幹活」了？,2025-01-23 19:06:25,36kr,https://36kr.com/p/3135139585776137,1,0,0,
307,1489589,2025中国经济何处去？全球顶级智库的预测来了,2025中國經濟何處去？全球頂級智庫的預測來了,2025年，結構變化機會大於增長。,2025-01-23 18:51:53,36kr,https://36kr.com/p/3135080168872457,1,0,0,
308,1489561,火锅品牌，正在靠场景出圈,火鍋品牌，正在靠場景出圈,火鍋場景很重要,2025-01-23 18:44:51,36kr,https://36kr.com/p/3135072190873348,1,0,0,
309,1489560,证监会主席吴清：每年新增保费30％将投资A股,證監會主席吳清：每年新增保費30％將投資A股,中長期資金投資A股規模和比例將穩步提高，商業保險資金將力爭每年至少為A股新增幾千億元的“長錢”，公募基金持有A股流通市值未來三年每年至少增長10%,2025-01-23 18:44:47,36kr,https://36kr.com/p/3135063170701829,1,0,0,
310,1489549,为什么商场运营者也需要了解，“出海”品牌的成功原因?,為什麼商場運營者也需要了解，“出海”品牌的成功原因?,消費者選擇的，從來都不是商品，而是意義。,2025-01-23 18:35:54,36kr,https://36kr.com/p/3135107198999043,1,0,0,
311,1489548,130亿，广东超级独角兽要IPO了,130億，廣東超級獨角獸要IPO了,中國第一、全球前三。,2025-01-23 18:35:50,36kr,https://36kr.com/p/3135044861434373,1,0,0,
312,1489547,我们用蛇年成语预测2025年十大未来产业趋势,我們用蛇年成語預測2025年十大未來產業趨勢,靈動與變革，進入新能量週期,2025-01-23 18:35:46,36kr,https://36kr.com/p/3135098756799241,1,0,0,
313,1489546,马斯克炮打星际之门,馬斯克炮打星際之門,別擔心，都是“OpenAI黑幫”相親相愛一家人。,2025-01-23 18:35:41,36kr,https://36kr.com/p/3135055527270913,1,0,0,
314,1489545,豪宅的主卧长什么样,豪宅的主臥長什麼樣,嚮往的生活,2025-01-23 18:35:37,36kr,https://36kr.com/p/3100742887608066,1,0,0,
315,1489544,如果我的大脑被入侵怎么办？,如果我的大腦被入侵怎麼辦？,“心想事成”前請先“拿捏”腦數據安全,2025-01-23 18:35:32,36kr,https://36kr.com/p/3135098646698497,1,0,0,
316,1489513,中国的丰田和特斯拉何时诞生？,中國的豐田和特斯拉何時誕生？,縱觀中國車企在世界上的表現，我們正從廣覆蓋進化到深紮根。中國真正的世界級車企正在孕育中，關鍵在產品差異性、品牌建設和ESG,2025-01-23 18:22:00,36kr,https://36kr.com/p/3135071117351429,1,0,0,
317,1489512,OpenAI微软关系现裂痕，奥特曼紧急公关，导火索竟是DeepMind联创,OpenAI微軟關係現裂痕，奧特曼緊急公關，導火索竟是DeepMind聯創,“形勢所迫，為算力折腰”,2025-01-23 18:21:56,36kr,https://36kr.com/p/3135071060007684,1,0,0,
318,1489511,AI教父辛顿开年访谈：中国AI追近美国靠人才教育和自研；不会像奥本海默一样后悔,AI教父辛頓開年訪談：中國AI追近美國靠人才教育和自研；不會像奧本海默一樣後悔,Geoffrey Hinton警告AI威脅人類，強調安全發展重要。,2025-01-23 18:21:51,36kr,https://36kr.com/p/3135080036276740,1,0,0,
319,1489510,抖音开医院，能用原研药……吧？,抖音開醫院，能用原研藥……吧？,“至少要做好虧損5~6年的準備。”,2025-01-23 18:21:47,36kr,https://36kr.com/p/3135055572933124,1,0,0,
320,1489473,推理模型规划任务成功率从5％到95％，DeepMind遗传算法新研究火了,推理模型規劃任務成功率從5％到95％，DeepMind遺傳算法新研究火了,成本也降低了，且無需微調,2025-01-23 18:07:03,36kr,https://36kr.com/p/3135071484123654,1,0,0,
321,1489472,氪星晚报｜淘宝：上线新年许愿活动，超6000万人参与；台积电南科先进制程晶圆厂将于今日全面复机；B站上线42年全部春晚，蛇年春晚直播预约数超300万,氪星晚報｜淘寶：上線新年許願活動，超6000萬人參與；臺積電南科先進製程晶圓廠將於今日全面復機；B站上線42年全部春晚，蛇年春晚直播預約數超300萬,中三省去年GDP總值達14.7萬億,2025-01-23 18:06:59,36kr,https://36kr.com/p/3135083444607748,1,0,0,
322,1489471,再融1.8亿美元，这家AI视频平台成功打造首个完全由AI生成的虚拟形象,再融1.8億美元，這家AI視頻平臺成功打造首個完全由AI生成的虛擬形象,生成式AI視頻的真正目標客戶，其實是那些在工作中需要視頻但缺乏資源的人,2025-01-23 18:06:54,36kr,https://36kr.com/p/3135080269306627,1,0,0,
323,1489470,成都，成立一个新招商部门,成都，成立一個新招商部門,新探索。,2025-01-23 18:06:49,36kr,https://36kr.com/p/3135080022399753,1,0,0,
324,1489419,特朗普的万亿AI基建计划，还是一张空头支票,特朗普的萬億AI基建計劃，還是一張空頭支票,野心很大、現實很難,2025-01-23 17:51:27,36kr,https://36kr.com/p/3134908593553152,1,0,0,
325,1489378,从ChatGPT碳排放看全球变暖,從ChatGPT碳排放看全球變暖,ChatGPT 每月排放的二氧化碳超過 260 噸，相當於 260 趟紐約至倫敦航班的碳排放量,2025-01-23 17:34:51,36kr,https://36kr.com/p/3135007163547397,1,0,0,
326,1489377,完整版主机报告：超5成海外企业收入下降，3大原因4大机遇,完整版主機報告：超5成海外企業收入下降，3大原因4大機遇,遊戲硬件銷量不佳影響全球市場規模，遊戲軟件需要更多“黑神話”拉動,2025-01-23 17:34:46,36kr,https://36kr.com/p/3134950369804041,1,0,0,
327,1489376,降费，降费，巨头官宣,降費，降費，巨頭官宣,【導讀】匯添富、招商等宣佈旗下QDII降費，年管理費率降至1.2%,2025-01-23 17:34:34,36kr,https://36kr.com/p/3134944053336585,1,0,0,
328,1489375,万亿冰雪经济背后的中国经济大变局,萬億冰雪經濟背後的中國經濟大變局,消費也是生產力,2025-01-23 17:34:30,36kr,https://36kr.com/p/3134917289286405,1,0,0,
329,1489374,76岁正是打拼的年纪，马斯克妈妈在中国当网红捞金之路,76歲正是打拼的年紀，馬斯克媽媽在中國當網紅撈金之路,一位英雄母親、爽文大女主、銀髮網紅、中國人民的老朋友,2025-01-23 17:34:25,36kr,https://36kr.com/p/3134946825977609,1,0,0,
330,1489351,2万一个的“大路灯”：中产的育儿神器，还是智商税？,2萬一個的“大路燈”：中產的育兒神器，還是智商稅？,家長們的近視焦慮,2025-01-23 17:22:05,36kr,https://36kr.com/p/3134831395052297,1,0,0,
331,1489350,AI 2025的硅谷答案：60条关键洞察,AI 2025的硅谷答案：60條關鍵洞察,重塑世界的力量不在硅谷，而在一代中國從業者的努力中。,2025-01-23 17:22:01,36kr,https://36kr.com/p/3135043091201792,1,0,0,
332,1489349,黄仁勋，见了一群90后,黃仁勳，見了一群90後,世界終究是屬於年輕人的。,2025-01-23 17:21:56,36kr,https://36kr.com/p/3135034036050693,1,0,0,
333,1489348,一文读懂：DeepSeek新模型大揭秘，为何它能震动全球AI圈,一文讀懂：DeepSeek新模型大揭祕，為何它能震動全球AI圈,用最簡單直接的語言讓你讀懂它到底牛在哪,2025-01-23 17:21:51,36kr,https://36kr.com/p/3135022841879040,1,0,0,
334,1489321,牛市，A股散户的黄粱一梦？｜氪金,牛市，A股散戶的黃粱一夢？｜氪金,沒人再喊“牛市來了”，市場反而更安全。,2025-01-23 17:11:14,36kr,https://36kr.com/p/3134920044567045,1,0,0,
335,1489320,宁德时代一纸公告，市值一夜蒸发375亿,寧德時代一紙公告，市值一夜蒸發375億,寧王，敲響預警,2025-01-23 17:11:09,36kr,https://36kr.com/p/3134944012081669,1,0,0,
336,1489286,微信送礼体验挺简洁，但是还缺点东西,微信送禮體驗挺簡潔，但是還缺點東西,一句話：可供消費者選擇的大牌還不夠多。,2025-01-23 16:58:04,36kr,https://36kr.com/p/3132253641562629,1,0,0,
337,1489285,AI眼镜+展会：李未可科技率先探索AI眼镜+应用新方向,AI眼鏡+展會：李未可科技率先探索AI眼鏡+應用新方向,米奧蘭特發佈AI慧展1.0，合作李未可AI智能眼鏡賦能展會。,2025-01-23 16:57:41,36kr,https://36kr.com/p/3135016360073991,1,0,0,
338,1489234,“200元拍27次就报废”，打工人正在把富士这个「真电子垃圾」捧成拍照神器？,“200元拍27次就報廢”，打工人正在把富士這個「真電子垃圾」捧成拍照神器？,出現了，次拋相機,2025-01-23 16:42:39,36kr,https://36kr.com/p/3134948341406214,1,0,0,
339,1489233,马斯克：奥特曼就是个骗子，“他们根本没钱”搞星际之门,馬斯克：奧特曼就是個騙子，“他們根本沒錢”搞星際之門,原來愛恨糾葛根本剪不斷？,2025-01-23 16:42:34,36kr,https://36kr.com/p/3134809309813256,1,0,0,
340,1489186,抢年货的人挤爆胖东来，有代购团日赚6位数,搶年貨的人擠爆胖東來，有代購團日賺6位數,盒馬開免費巴士搶香港客。,2025-01-23 16:26:17,36kr,https://36kr.com/p/3134849355749895,1,0,0,
341,1489184,4个顶级思维，让你的人生事业立马起飞,4個頂級思維，讓你的人生事業立馬起飛,直覺立場決策，追求確定性，結構化思維，增強適應力。,2025-01-23 16:26:13,36kr,https://36kr.com/p/3134858124335625,1,0,0,
342,1489183,腾讯游戏，暂停“赛马”,騰訊遊戲，暫停“賽馬”,進擊的騰訊，要從“賽馬”改為“長青”。,2025-01-23 16:26:08,36kr,https://36kr.com/p/3134917701868290,1,0,0,
343,1489182,2025年首例，苏行转债触发强赎,2025年首例，蘇行轉債觸發強贖,尚有8只銀行轉債未轉股比例超90%。,2025-01-23 16:26:03,36kr,https://36kr.com/p/3134849599347200,1,0,0,
344,1489181,支付宝买下清华教授创办的AI公司、字节收购耳机品牌，盘点2024年互联网大厂并购,支付寶買下清華教授創辦的AI公司、字節收購耳機品牌，盤點2024年互聯網大廠併購,騰訊還收購了3家遊戲公司，大廠們2024年仍有併購動作,2025-01-23 16:25:59,36kr,https://36kr.com/p/3134822835247624,1,0,0,
345,1489180,中国造船业巩固首位宝座，产能不足,中國造船業鞏固首位寶座，產能不足,中國造船業訂單激增，美國表示擔憂。,2025-01-23 16:25:54,36kr,https://36kr.com/p/3134804744608263,1,0,0,
346,1489118,营销观察｜微信送礼，体验挺简洁，但是还缺点东西,營銷觀察｜微信送禮，體驗挺簡潔，但是還缺點東西,一句話：可供消費者選擇的大牌還不夠多。,2025-01-23 15:55:15,36kr,https://36kr.com/p/3132253641562629,1,0,0,
347,1489068,豆瓣9分，为什么头条可以做出《我在岛屿读书》｜访问,豆瓣9分，為什麼頭條可以做出《我在島嶼讀書》｜訪問,有資本做文學慢綜藝的公司不多了。,2025-01-23 15:21:53,36kr,https://36kr.com/p/3134933337578242,1,0,0,
348,1488985,为什么越来越多的女生，穿起了男士内裤？,為什麼越來越多的女生，穿起了男士內褲？,舒服內褲在哪裡？,2025-01-23 14:35:58,36kr,https://36kr.com/p/3095571519109257,1,0,0,
349,1488984,扛起联想75％营收的男人，对2025年AI硬件做出六点预测,扛起聯想75％營收的男人，對2025年AI硬件做出六點預測,也許幾年後再來回溯，這些觀點會成為一段有趣的”AI+硬件“發展簡史。,2025-01-23 14:35:54,36kr,https://36kr.com/p/3133785552395008,1,0,0,
350,1488961,过年见家长，先去谁家？丨年轻人「谈婚论嫁」小调查,過年見家長，先去誰家？丨年輕人「談婚論嫁」小調查,歡迎參與2025年輕人“談婚論嫁”小調查，一起聊聊婚前的困惑。,2025-01-23 14:12:42,36kr,https://36kr.com/p/3134856312838664,1,0,0,
351,1488951,奇瑞花100亿，要造「中国的大G」,奇瑞花100億，要造「中國的大G」,自主品牌，扎堆湧向豪華越野賽道。,2025-01-23 14:00:35,36kr,https://36kr.com/p/3133266594912768,1,0,0,
352,1488950,北京，10家半导体独角兽,北京，10家半導體獨角獸,北京半導體獨角獸企業蓬勃發展，數量全國第一。,2025-01-23 14:00:30,36kr,https://36kr.com/p/3133370344561161,1,0,0,
353,1488930,月入千万，寒假补习“请家长入瓮”,月入千萬，寒假補習“請家長入甕”,“老師們”如何設計話術製造焦慮，如何踢單、關單，直到讓家長買單。,2025-01-23 13:38:01,36kr,https://36kr.com/p/3134801434705413,1,0,0,
354,1488870,刚开年，一批地产高管被离职了,剛開年，一批地產高管被離職了,沒人能獨善其身,2025-01-23 13:10:09,36kr,https://36kr.com/p/3134686793390856,1,0,0,
355,1488869,穿梭在杭州西站的大厂周末夫妻,穿梭在杭州西站的大廠週末夫妻,週一到週五，妻離子散。,2025-01-23 13:10:04,36kr,https://36kr.com/p/3134718447975944,1,0,0,
356,1488868,这一次，轮到英伟达被“卡脖子”,這一次，輪到英偉達被“卡脖子”,黃仁勳的擔心，正逐漸成為現實。,2025-01-23 13:09:57,36kr,https://36kr.com/p/3134774902856200,1,0,0,
357,1488867,很遗憾，春节机票又跳水了,很遺憾，春節機票又跳水了,機票跳水背刺，這屆消費者不忍了。,2025-01-23 13:09:53,36kr,https://36kr.com/p/3134777371269637,1,0,0,
358,1488866,曝 OpenAI 本周发布重磅 Agent 功能，字节宣布启动 AGI 计划，这可能是AI最卷的一年,曝 OpenAI 本週發佈重磅 Agent 功能，字節宣佈啟動 AGI 計劃，這可能是AI最卷的一年,OpenAI推出新功能Operator，自動執行復雜任務，智能體發展加速。,2025-01-23 13:09:47,36kr,https://36kr.com/p/3134785293343495,1,0,0,
359,1488865,2024 ACM Fellow颁给10位华人学者，陈雷、周靖人、李国良等入选,2024 ACM Fellow頒給10位華人學者，陳雷、周靖人、李國良等入選,2024 ACM Fellow名單公佈，多位華人入選。,2025-01-23 13:09:41,36kr,https://36kr.com/p/3134769971763975,1,0,0,
360,1488863,谁这么豪横，年终奖发50倍月薪？,誰這麼豪橫，年終獎發50倍月薪？,互聯網大廠年終獎哪家強？,2025-01-23 13:09:36,36kr,https://36kr.com/p/3134796391045897,1,0,0,
361,1488862,山东，冲刺“北方第一”,山東，衝刺“北方第一”,中國第三個10萬億大省，有望在2025年誕生。,2025-01-23 13:09:30,36kr,https://36kr.com/p/3134797840161280,1,0,0,
362,1488860,​大模型进化论：AI产业落地将卷向何方？,​大模型進化論：AI產業落地將卷向何方？,大模型的成長與突破,2025-01-23 13:09:24,36kr,https://36kr.com/p/3134791324850945,1,0,0,
363,1488792,250万年薪，挖不到“并购经理”,250萬年薪，挖不到“併購經理”,“併購退出人才”很可能是近年一級招聘最難的工種之一。,2025-01-23 12:39:33,36kr,https://36kr.com/p/3134766095161860,1,0,0,
364,1488791,OpenAI投资的Heeyo推出AI工程师产品Heyboss，任何人可一键生成网站、App,OpenAI投資的Heeyo推出AI工程師產品Heyboss，任何人可一鍵生成網站、App,AI編程是重要方向，這也將會給整個編程領域帶來新的啟示。,2025-01-23 12:39:27,36kr,https://36kr.com/p/3134697784384263,1,0,0,
365,1488790,智能手机“混战”2025：谁将倒下而谁又将突围？,智能手機“混戰”2025：誰將倒下而誰又將突圍？,國補助力手機銷量暴增，份額“爭奪戰”一觸即發。,2025-01-23 12:39:22,36kr,https://36kr.com/p/3134743565785605,1,0,0,
366,1488789,开一家“俄罗斯商品馆”，究竟是什么体验？,開一家“俄羅斯商品館”，究竟是什麼體驗？,曾一日進賬6萬，現在靠賣年貨回本,2025-01-23 12:39:17,36kr,https://36kr.com/p/3134768181238530,1,0,0,
367,1488788,失去董宇辉181天后，东方甄选爆亏9650万,失去董宇輝181天后，東方甄選爆虧9650萬,東方甄選盈利轉虧，戰略調整尋求增長。,2025-01-23 12:39:13,36kr,https://36kr.com/p/3134693660229379,1,0,0,
368,1488786,暴涨25.5％，学习平板爆发：全靠AI大模型，终局是AI老师,暴漲25.5％，學習平板爆發：全靠AI大模型，終局是AI老師,用AI大模型重新定義硬件的標杆。,2025-01-23 12:39:08,36kr,https://36kr.com/p/3134752596049408,1,0,0,
369,1488720,中交地产宣布：退出房地产开发，2024年预计亏损53亿,中交地產宣佈：退出房地產開發，2024年預計虧損53億,中交地產的“退房”，也是中交服務“借殼上市”的契機。,2025-01-23 12:16:04,36kr,https://36kr.com/p/3134688683072256,1,0,0,
370,1488667,春节档乱战，《射雕》预售突围：电影市场重回流量时代？,春節檔亂戰，《射鵰》預售突圍：電影市場重回流量時代？,《射鵰》會是電影市場重回流量爛片時代的標誌嗎？,2025-01-23 11:52:46,36kr,https://36kr.com/p/3134677987606020,1,0,0,
371,1488666,2025，国产车激战百万之上,2025，國產車激戰百萬之上,長城汽車推超豪車品牌“自信”挑戰高端市場。,2025-01-23 11:52:41,36kr,https://36kr.com/p/3134670218886664,1,0,0,
372,1488665,字节，开医院了？,字節，開醫院了？,再發力醫療？,2025-01-23 11:52:36,36kr,https://36kr.com/p/3134652605209092,1,0,0,
373,1488664,新作11天3个市场吸金3360万，遭遇4年“困顿”的紫龙游戏还好吗？,新作11天3個市場吸金3360萬，遭遇4年“困頓”的紫龍游戲還好嗎？,紫龍游戲《龍魂旅人》首周港澳臺表現亮眼。,2025-01-23 11:52:31,36kr,https://36kr.com/p/3134668222152194,1,0,0,
374,1488662,短剧下半场，混变与AI正在重写规则,短劇下半場，混變與AI正在重寫規則,2025短劇變革：AI驅動的混變時代已經到來！,2025-01-23 11:52:26,36kr,https://36kr.com/p/3134691358129667,1,0,0,
375,1488646,成都楼市凭什么是全国第一,成都樓市憑什麼是全國第一,強大實力,2025-01-23 11:43:37,36kr,https://36kr.com/p/3134690602179337,1,0,0,
376,1488607,今年的支付宝集五福，玩得我要裂开了,今年的支付寶集五福，玩得我要裂開了,你集福了嗎？,2025-01-23 11:32:19,36kr,https://36kr.com/p/3134695734204931,1,0,0,
377,1488606,黄仁勋在中国行里特地给它剪彩，这公司是什么来头？,黃仁勳在中國行裡特地給它剪綵，這公司是什麼來頭？,看得出來，老黃真的很哈皮,2025-01-23 11:32:14,36kr,https://36kr.com/p/3134693860907529,1,0,0,
378,1488605,多位基金经理显见加仓动作，刘格菘、傅鹏博、雷志勇等在列,多位基金經理顯見加倉動作，劉格菘、傅鵬博、雷志勇等在列,多名基金經理增倉，看好A股機會。,2025-01-23 11:32:10,36kr,https://36kr.com/p/3134688185571849,1,0,0,
379,1488604,上海SiC新秀，C轮融进10亿,上海SiC新秀，C輪融進10億,瞻芯電子完成C輪融資，計劃科創板IPO。,2025-01-23 11:32:05,36kr,https://36kr.com/p/3134678145194755,1,0,0,
380,1488603,狂砸3.6万亿组建巨鳄联盟，OpenAI猛虎下山，谁赢麻了？,狂砸3.6萬億組建巨鱷聯盟，OpenAI猛虎下山，誰贏麻了？,OpenAI以及大模型技術要真正爆發了？,2025-01-23 11:32:00,36kr,https://36kr.com/p/3133883933654535,1,0,0,
381,1488602,外贸格局大洗牌：第一城易主，“黑马”还有谁？,外貿格局大洗牌：第一城易主，“黑馬”還有誰？,深圳外貿第一，佛山失速，寧波突破。內陸城市表現亮眼。,2025-01-23 11:31:55,36kr,https://36kr.com/p/3134666678786569,1,0,0,
382,1488601,买的车还没上牌，车企“爆雷”，他开了200公里不敢开了,買的車還沒上牌，車企“爆雷”，他開了200公里不敢開了,極越汽車售後困難，配件短缺影響維修。,2025-01-23 11:31:51,36kr,https://36kr.com/p/3134683686198020,1,0,0,
383,1488600,王曼昱，被品牌们遗忘的奥运冠军,王曼昱，被品牌們遺忘的奧運冠軍,國乒主力連攬贊助之際，有一個人卻有點落寞。,2025-01-23 11:31:45,36kr,https://36kr.com/p/3133933744675591,1,0,0,
384,1488570,被“限售”出来的QDII业绩冠军，已狂卖老铺黄金45万股,被“限售”出來的QDII業績冠軍，已狂賣老鋪黃金45萬股,南方中國新興經濟調倉換股，關注AI、港股等方向。,2025-01-23 11:20:20,36kr,https://36kr.com/p/3134684898335232,1,0,0,
385,1488558,众安智慧生活失去了一位频繁跳槽的总裁,眾安智慧生活失去了一位頻繁跳槽的總裁,楊光是一名物管老將，根據公開履歷，他的職業生涯始於1999年，至今已累積了超過25年的行業經驗。,2025-01-23 11:10:56,36kr,https://36kr.com/p/3134678385892104,1,0,0,
386,1488557,反转！这家老牌深圳国企迎来新任董事长,反轉！這家老牌深圳國企迎來新任董事長,南山控股高層換血，舒謙晉升新掌門。,2025-01-23 11:10:51,36kr,https://36kr.com/p/3134675927030529,1,0,0,
387,1488531,在雪场“撒野”的中产，让多少人羡慕哭了？,在雪場“撒野”的中產，讓多少人羨慕哭了？,一人一板一相機，中產的新式自由,2025-01-23 10:59:37,36kr,https://36kr.com/p/3134624027384578,1,0,0,
388,1488530,春节档的游戏秀场，提前进入绞肉机模式,春節檔的遊戲秀場，提前進入絞肉機模式,春節檔的遊戲秀場，提前進入絞肉機模式,2025-01-23 10:59:02,36kr,https://36kr.com/p/3133976620227080,1,0,0,
389,1488529,iOS19再曝光，视觉设计大改，苹果终于要狠狠发力OS了？,iOS19再曝光，視覺設計大改，蘋果終於要狠狠發力OS了？,都是國產廠商逼的？,2025-01-23 10:58:55,36kr,https://36kr.com/p/3133987835870976,1,0,0,
390,1488528,华为回归这一年：苹果狂跌、小米爆冷、荣耀失速,華為迴歸這一年：蘋果狂跌、小米爆冷、榮耀失速,從全年出貨量，看廠商們的不同選擇。,2025-01-23 10:58:50,36kr,https://36kr.com/p/3134608975305218,1,0,0,
391,1488527,东北地区即时零售增速最快？别被“权威”误导,東北地區即時零售增速最快？別被“權威”誤導,即時零售增速快但數據不足，縣域潛力大需謹慎調研。,2025-01-23 10:58:45,36kr,https://36kr.com/p/3134636885229316,1,0,0,
392,1488526,“百镜大战”第一枪：卷价格,“百鏡大戰”第一槍：卷價格,一文看懂AI眼鏡十年演變,2025-01-23 10:58:40,36kr,https://36kr.com/p/3133984860487431,1,0,0,
393,1488525,年轻人涌入拆卡直播间“吃谷”,年輕人湧入拆卡直播間“吃谷”,周邊產品終端銷售渠道再拓展,2025-01-23 10:58:35,36kr,https://36kr.com/p/3133983185305088,1,0,0,
394,1488524,厨电战争的2025，群雄逐鹿,廚電戰爭的2025，群雄逐鹿,“危”中孕育著新一輪的“機”,2025-01-23 10:58:30,36kr,https://36kr.com/p/3133970321391363,1,0,0,
395,1488511,文旅集团盯上“小城景区”,文旅集團盯上“小城景區”,寶藏小城文旅面臨哪些挑戰？,2025-01-23 10:49:08,36kr,https://36kr.com/p/3134636139838985,1,0,0,
396,1488494,特斯拉、小鹏、蔚来都要做的赛道，挤入传统大厂｜硬氪分析,特斯拉、小鵬、蔚來都要做的賽道，擠入傳統大廠｜硬氪分析,廣汽集團安防人形機器人將於2025年上半年發佈。,2025-01-23 10:38:57,36kr,https://36kr.com/p/3125344303224841,1,0,0,
397,1488474,我的男友是NPD，但我离不开他,我的男友是NPD，但我離不開他,離開不是結果，是漫長的過程。,2025-01-23 10:29:17,36kr,https://36kr.com/p/3134566018750978,1,0,0,
398,1488473,泰勒·斯威夫特：是巨星，也是战略天才,泰勒·斯威夫特：是巨星，也是戰略天才,利用流媒體平臺保持參與度。,2025-01-23 10:29:13,36kr,https://36kr.com/p/3134568492636680,1,0,0,
399,1488472,李彦宏：在生成式AI领域，只有1％的公司能脱颖而出,李彥宏：在生成式AI領域，只有1％的公司能脫穎而出,人工智能的發展軌跡是什麼？,2025-01-23 10:29:08,36kr,https://36kr.com/p/3134568409242370,1,0,0,
400,1488471,美股分析：女股神佩洛西新开仓一只AI股 TEM,美股分析：女股神佩洛西新開倉一隻AI股 TEM,TEM AI獲投資者青睞，聚焦精準醫療，拓展國際市場。,2025-01-23 10:29:02,36kr,https://36kr.com/p/3134585495329539,1,0,0,
401,1488470,2024年增持超350亿元，外资缘何青睐银行股？,2024年增持超350億元，外資緣何青睞銀行股？,外資增持中國銀行股，高股息吸引力強。,2025-01-23 10:28:56,36kr,https://36kr.com/p/3133933131143940,1,0,0,
402,1488469,12月出海月报：5000款出海手游创新高，4399战韩服，大梦龙途台湾买量第一,12月出海月報：5000款出海手遊創新高，4399戰韓服，大夢龍途臺灣買量第一,12月海外手遊投放回穩，視頻素材創新高。,2025-01-23 10:28:52,36kr,https://36kr.com/p/3134573269768962,1,0,0,
403,1488468,TikTok，已经走过了至暗时刻,TikTok，已經走過了至暗時刻,出海，先有朋友，再有生意。,2025-01-23 10:28:47,36kr,https://36kr.com/p/3133956594194950,1,0,0,
404,1488467,把“喝无糖茶”变“吃无糖茶”？有品牌做“中式养生”茶含片，年入超2亿元,把“喝無糖茶”變“吃無糖茶”？有品牌做“中式養生”茶含片，年入超2億元,“茶”在食品行業各細分領域滲透。,2025-01-23 10:28:43,36kr,https://36kr.com/p/3134595819133448,1,0,0,
405,1488466,「VLAI未来动力」获数百万天使轮融资，自研一体化关节电机已进入量产｜硬氪首发,「VLAI未來動力」獲數百萬天使輪融資，自研一體化關節電機已進入量產｜硬氪首發,一體化關節電機價格進一步下探。,2025-01-23 10:28:37,36kr,https://36kr.com/p/3133910873463301,1,0,0,
406,1488465,炸场硅谷，大模型“蒸汽机”迎来“瓦特时刻”,炸場硅谷，大模型“蒸汽機”迎來“瓦特時刻”,大模型這臺蒸汽機，急需要一個“瓦特”,2025-01-23 10:28:32,36kr,https://36kr.com/p/3133948028239617,1,0,0,
407,1488412,华特·迪士尼：想象力创造奇迹,華特·迪士尼：想象力創造奇蹟,一切都始於一隻老鼠,2025-01-23 10:07:42,36kr,https://36kr.com/p/3134565919300100,1,0,0,
408,1488411,通胀下的“蛋”：财富再分配利器,通脹下的“蛋”：財富再分配利器,一顆雞蛋的財富祕密。,2025-01-23 10:07:38,36kr,https://36kr.com/p/3134554785798657,1,0,0,
409,1488409,Momenta曹旭东：智能驾驶竞争，两年内定格局｜36氪专访,Momenta曹旭東：智能駕駛競爭，兩年內定格局｜36氪專訪,把智駕體驗做好，每年需要百億級投入。,2025-01-23 10:07:35,36kr,https://36kr.com/p/3130847901358085,1,0,0,
410,1488408,京东和美团，打响2025年本地生活赛道第一战,京東和美團，打響2025年本地生活賽道第一戰,黑馬難成。,2025-01-23 10:07:31,36kr,https://36kr.com/p/3133961292274185,1,0,0,
411,1488407,1000年前，宋朝是如何以经济建设为中心的,1000年前，宋朝是如何以經濟建設為中心的,1000年前，宋朝是如何以經濟建設為中心的,2025-01-23 10:07:27,36kr,https://36kr.com/p/3134565711796742,1,0,0,
412,1488388,董宇辉单飞后，东方甄选成新东方“拖油瓶”？,董宇輝單飛後，東方甄選成新東方“拖油瓶”？,董宇輝向左，俞敏洪向右。,2025-01-23 09:31:51,36kr,https://36kr.com/p/3134076694134535,1,0,0,
413,1488387,寒武纪被指欲“白菜价”回购市值74亿元股权，公司巨亏股价却狂飙,寒武紀被指欲“白菜價”回購市值74億元股權，公司鉅虧股價卻狂飆,兩週內寒武紀市值較高點縮水約571億元。,2025-01-23 09:31:46,36kr,https://36kr.com/p/3134088471756289,1,0,0,
414,1488386,谁在越界采金？豫陕两省争夺“千年金矿”,誰在越界採金？豫陝兩省爭奪“千年金礦”,豫陝黃金越界爭議，司法糾紛持續。,2025-01-23 09:31:40,36kr,https://36kr.com/p/3134129754544900,1,0,0,
415,1488385,Anthropic CEO惊人预警：27年AI超越人类，Claude今年更新全剧透,Anthropic CEO驚人預警：27年AI超越人類，Claude今年更新全劇透,AI將超越人類，Anthropic推Claude更新。,2025-01-23 09:31:35,36kr,https://36kr.com/p/3134131984472583,1,0,0,
416,1488384,BeBeBus港股之难：难讲高端育儿新故事,BeBeBus港股之難：難講高端育兒新故事,逆勢上市，BeBeBus面臨著不小的挑戰。,2025-01-23 09:31:30,36kr,https://36kr.com/p/3134567568317187,1,0,0,
417,1488383,坏消息：研究发现上班会让人发臭，就像炒葱，好消息：马上放假啦,壞消息：研究發現上班會讓人發臭，就像炒蔥，好消息：馬上放假啦,“班味兒”具象化：炒蔥味兒。,2025-01-23 09:31:24,36kr,https://36kr.com/p/3134451084892676,1,0,0,
418,1488382,6499 元起，三星发布 Galaxy S25 系列，史上最轻薄，AI 是重点，还有 One more thing,6499 元起，三星發佈 Galaxy S25 系列，史上最輕薄，AI 是重點，還有 One more thing,三個旗艦機型，還有一個超薄版,2025-01-23 09:31:19,36kr,https://36kr.com/p/3134454843136773,1,0,0,
419,1488381,东南亚旅游恐慌退款潮，撕下了国内旅行社的遮羞布,東南亞旅遊恐慌退款潮，撕下了國內旅行社的遮羞布,旅行社為了不退錢，比電詐園區還能騙,2025-01-23 09:31:15,36kr,https://36kr.com/p/3134537585859079,1,0,0,
420,1488380,中年男人过年，流行“年薪百万穿搭”？,中年男人過年，流行“年薪百萬穿搭”？,比音勒芬定位高端，主攻中年市場，面臨增長與挑戰。,2025-01-23 09:31:10,36kr,https://36kr.com/p/3134140870482690,1,0,0,
421,1488379,一级市场如何应对退出渠道的单一化？,一級市場如何應對退出渠道的單一化？,GP面臨退出困境，應靈活適應市場變化。,2025-01-23 09:31:05,36kr,https://36kr.com/p/3134138823006981,1,0,0,
422,1488378,两次要退出世卫组织，特朗普图什么,兩次要退出世衛組織，特朗普圖什麼,對疾病最好的防禦是全球合作和數據共享,2025-01-23 09:31:01,36kr,https://36kr.com/p/3134136482503431,1,0,0,
423,1488377,2024 年教育行业投融资：81 笔、25 亿元背后隐藏哪些机会？,2024 年教育行業投融資：81 筆、25 億元背後隱藏哪些機會？,AI+教育賽道有大量初創企業正在湧入市場。,2025-01-23 09:30:56,36kr,https://36kr.com/p/3134044878002945,1,0,0,
424,1488374,2025年零售业态竞争汹涌，山姆会员店能否持续「掘金」中国？,2025年零售業態競爭洶湧，山姆會員店能否持續「掘金」中國？,山姆中國銷售增長迅速，面臨競爭與食品安全挑戰。,2025-01-23 09:30:37,36kr,https://36kr.com/p/3133923561691657,1,0,0,
425,1488355,中国AI双子星，在硅谷教OpenAI做事？,中國AI雙子星，在硅谷教OpenAI做事？,OpenAI o1的終結者來了？,2025-01-23 08:56:50,36kr,https://36kr.com/p/3133915538381576,1,0,0,
426,1488354,每一家企业都是智能体，每一个CEO都是“数据人”,每一家企業都是智能體，每一個CEO都是“數據人”,用好數據，是AI時代的管理學,2025-01-23 08:56:46,36kr,https://36kr.com/p/3133918813198850,1,0,0,
427,1488353,8点1氪｜俞敏洪回应东方甄选半年亏了近一亿；抖音在北京建三级医院；人大代表建议将产假延长至180天,8點1氪｜俞敏洪迴應東方甄選半年虧了近一億；抖音在北京建三級醫院；人大代表建議將產假延長至180天,總GMV的下降，相對來說是在可控的範圍之內的。,2025-01-23 08:56:41,36kr,https://36kr.com/p/3134554821990918,1,0,0,
428,1488338,抄底美股，三要三不要,抄底美股，三要三不要,A股逃頂難，美股抄底難。抄底需分批計劃。,2025-01-23 08:44:48,36kr,https://36kr.com/p/3133886437169671,1,0,0,
429,1488337,AI眼镜融资，爆爆爆,AI眼鏡融資，爆爆爆,AI眼鏡融資熱潮，Rokid籌得6億元。,2025-01-23 08:44:43,36kr,https://36kr.com/p/3133921874385671,1,0,0,
430,1488313,特朗普撤销电动汽车“强制令”，对特斯拉股票有何影响？,特朗普撤銷電動汽車“強制令”，對特斯拉股票有何影響？,特朗普政策可能影響電動車行業發展。,2025-01-23 08:32:51,36kr,https://36kr.com/p/3133921949620736,1,0,0,
431,1488312,这届退休老人，真有钱,這屆退休老人，真有錢,新型老年，超愛花錢。,2025-01-23 08:32:46,36kr,https://36kr.com/p/3133887723887112,1,0,0,
432,1488303,奥迪全系拜倒，和丰田“闹绯闻”，华为智驾要吃掉全世界吗？,奧迪全系拜倒，和豐田“鬧緋聞”，華為智駕要吃掉全世界嗎？,越來越多消費者感受到智駕樂趣,2025-01-23 08:20:01,36kr,https://36kr.com/p/3133633480834822,1,0,0,
433,1488302,大厂年终奖折叠，差距在拉大,大廠年終獎摺疊，差距在拉大,年終獎哪家強？,2025-01-23 08:19:56,36kr,https://36kr.com/p/3133937733917188,1,0,0,
434,1488301,“长钱”入市行动纲领出炉，提升险资A股投资比例,“長錢”入市行動綱領出爐，提升險資A股投資比例,推動中長期資金入市，提高權益投資比例。,2025-01-23 08:19:52,36kr,https://36kr.com/p/3133935075416579,1,0,0,
435,1487776,马斯克操盘，美国航天能“再次伟大”吗？,馬斯克操盤，美國航天能“再次偉大”嗎？,特朗普與馬斯克推動美國火星計劃，中美航天競賽激烈。,2025-01-22 21:43:56,36kr,https://36kr.com/p/3133615457369859,1,0,0,
436,1487757,我租车开网约车，三天后倒欠公司7400元,我租車開網約車，三天後倒欠公司7400元,為司機們精心佈置的重重陷阱。,2025-01-22 21:25:12,36kr,https://36kr.com/p/3133842673761793,1,0,0,
437,1487756,山东潍坊杀出超级独角兽：估值280亿，全球第一,山東濰坊殺出超級獨角獸：估值280億，全球第一,歌爾微向港股發起IPO衝刺。,2025-01-22 21:25:04,36kr,https://36kr.com/p/3133831200365315,1,0,0,
438,1487755,谷歌向OpenAI竞争对手 Anthropic追加投资10亿美元,谷歌向OpenAI競爭對手 Anthropic追加投資10億美元,2023年初，谷歌已經向Anthropic投資了5.5億美元，並表達了進一步追加最高20億美元投資的意願。,2025-01-22 21:24:58,36kr,https://36kr.com/p/3133826346965511,1,0,0,
439,1487754,游戏直播还能找到自己的活路吗？,遊戲直播還能找到自己的活路嗎？,遊戲直播行業衰退，主播轉型短視頻。,2025-01-22 21:24:53,36kr,https://36kr.com/p/3133810205022722,1,0,0,
440,1487753,北上广深的年轻人，开始迷恋员工食堂,北上廣深的年輕人，開始迷戀員工食堂,好吃、便宜、分量大,2025-01-22 21:24:48,36kr,https://36kr.com/p/3133803871181568,1,0,0,
441,1487752,25个大事件，回顾微信“不再克制”的2024,25個大事件，回顧微信“不再剋制”的2024,微信小步快跑的這一年,2025-01-22 21:24:43,36kr,https://36kr.com/p/3133783354874628,1,0,0,
442,1487751,风浪越大鱼越贵，抖音要帮餐饮商家卖储值卡,風浪越大魚越貴，抖音要幫餐飲商家賣儲值卡,從某種程度來說，抖音生活服務支持商家賣卡更像是無奈之舉。,2025-01-22 21:24:39,36kr,https://36kr.com/p/3133779138058761,1,0,0,
443,1487731,新东方2025财年Q2学习中心环比增加5％，预计海外相关业务增长将放缓,新東方2025財年Q2學習中心環比增加5％，預計海外相關業務增長將放緩,教育新業務營收同比增長42.6%。,2025-01-22 21:09:17,36kr,https://36kr.com/p/3133434344364804,1,0,0,
444,1487730,10年500亿，蔚来与萤火虫的悲欢并不相通,10年500億，蔚來與螢火蟲的悲歡並不相通,同一場NIO Day，蔚來ET9與螢火蟲卻迎來兩重天。,2025-01-22 21:09:11,36kr,https://36kr.com/p/3133850443405827,1,0,0,
445,1487729,“一年亏了300多万，我还想继续干餐饮”,“一年虧了300多萬，我還想繼續幹餐飲”,一個普通餐飲人的2024。,2025-01-22 21:09:03,36kr,https://36kr.com/p/3133843825433093,1,0,0,
446,1487695,中国智驾供应商，向博世发起总攻,中國智駕供應商，向博世發起總攻,全球最大Tire 1“掉隊”。,2025-01-22 20:49:23,36kr,https://36kr.com/p/3133708100091654,1,0,0,
447,1487694,宗馥莉掌舵娃哈哈第一年：叔侄之争浮出水面，业绩重回巅峰,宗馥莉掌舵娃哈哈第一年：叔侄之爭浮出水面，業績重回巔峰,在父親宗慶後去世後，宗馥莉從“娃哈哈公主”變成了娃哈哈掌舵人。過去的2024年，是娃哈哈進入宗馥莉時代的第一年。這一年，圍繞宗馥莉與娃哈哈的風波一直未曾停歇。,2025-01-22 20:49:16,36kr,https://36kr.com/p/3133529342639872,1,0,0,
448,1487693,平板支持安装Steam，小米盯上了主机游戏,平板支持安裝Steam，小米盯上了主機遊戲,或許是更有性價比的選擇？,2025-01-22 20:49:10,36kr,https://36kr.com/p/3133793192303108,1,0,0,
449,1487692,出口转内销，屋顶光伏成光伏增长新路径,出口轉內銷，屋頂光伏成光伏增長新路徑,出口轉內銷，農村才是光伏產能新出路,2025-01-22 20:49:04,36kr,https://36kr.com/p/3133519326543617,1,0,0,
450,1487666,短视频平台2024年：抖音、快手、小红书、B站知识学习布局显成效,短視頻平臺2024年：抖音、快手、小紅書、B站知識學習佈局顯成效,短視頻社交平臺在教育學習知識領域仍將擁有廣闊的發展空間,2025-01-22 20:31:54,36kr,https://36kr.com/p/3133746842295043,1,0,0,
451,1487663,又一位快递大佬重出江湖，还有大干一场的机会吗？,又一位快遞大佬重出江湖，還有大幹一場的機會嗎？,奚春陽再出山，創立笨鳥速運進軍快運市場。,2025-01-22 20:31:49,36kr,https://36kr.com/p/3133738140211977,1,0,0,
452,1487661,我们去看了智元机器人的「数采厂」，等等！这不是《星球大战》片场吗？,我們去看了智元機器人的「數採廠」，等等！這不是《星球大戰》片場嗎？,機器人們，或許會在這裡見證屬於自己的“GPT時刻”。,2025-01-22 20:31:44,36kr,https://36kr.com/p/3131190931839490,1,0,0,
453,1487659,中国人，过年不吃糖了,中國人，過年不吃糖了,匱乏時代，糖果是一種營養品，是難得的高能量密度食物，是爸媽口中的「好東西」。,2025-01-22 20:31:39,36kr,https://36kr.com/p/3133720738880260,1,0,0,
454,1487658,港股IPO，大爆发,港股IPO，大爆發,【導讀】2025年已有30家公司申報港股IPO，包含7家A股公司,2025-01-22 20:31:34,36kr,https://36kr.com/p/3133717582764801,1,0,0,
455,1487643,盘点：2024年餐饮业的8大变化,盤點：2024年餐飲業的8大變化,2024年度大盤點餐飲業的8大趨勢和變化,2025-01-22 20:19:04,36kr,https://36kr.com/p/3133668052303361,1,0,0,
456,1487642,春运逼近高峰，“第一批回家过年的人已经堵路上了”,春運逼近高峰，“第一批迴家過年的人已經堵路上了”,40天、90億人次的春運，氣氛越來越濃,2025-01-22 20:18:59,36kr,https://36kr.com/p/3133772454205956,1,0,0,
457,1487641,2025，小鹏汽车能复制爆款吗？,2025，小鵬汽車能複製爆款嗎？,剛剛走出泥潭,2025-01-22 20:18:54,36kr,https://36kr.com/p/3133764834401030,1,0,0,
458,1487620,特朗普已叫停禁令，为何苹果、谷歌仍不愿上架TikTok？,特朗普已叫停禁令，為何蘋果、谷歌仍不願上架TikTok？,雖然特朗普將TikTok禁令暫停了75天，但是這給TikTok帶來了新的法律問題。,2025-01-22 20:08:18,36kr,https://36kr.com/p/3133726060173827,1,0,0,
459,1487619,26省份经济年报出炉：四川力压河南保住第五，这个西部省份重回前20,26省份經濟年報出爐：四川力壓河南保住第五，這個西部省份重回前20,目前新疆增速第一，另有5個省份並列第二,2025-01-22 20:08:13,36kr,https://36kr.com/p/3133729649793792,1,0,0,
460,1487618,赛力斯营收暴涨302％，转型后首次全年盈利，问界M9爆卖15万辆，壕砸82亿买工厂扩产能,賽力斯營收暴漲302％，轉型後首次全年盈利，問界M9爆賣15萬輛，壕砸82億買工廠擴產能,董事長張興海：三年內，實現百萬量級目標,2025-01-22 20:08:06,36kr,https://36kr.com/p/3133743933463296,1,0,0,
461,1487617,中国半导体设备商，赚麻了,中國半導體設備商，賺麻了,中國半導體設備商業績創新高。,2025-01-22 20:08:01,36kr,https://36kr.com/p/3133745172322822,1,0,0,
462,1487616,TikTok绝处逢生：商家死守到最后一刻，速卖通、Temu抢占新地盘,TikTok絕處逢生：商家死守到最後一刻，速賣通、Temu搶佔新地盤,對於美區跨境電商商家來說，未來75天依然充滿了變數,2025-01-22 20:07:56,36kr,https://36kr.com/p/3133729688427013,1,0,0,
463,1487605,专访许纪霖：90后和00后，已经完全不相信宏大叙事了,專訪許紀霖：90後和00後，已經完全不相信宏大敘事了,70、80後是抽象的一代，90、00後活得很“具體”。,2025-01-22 19:57:44,36kr,https://36kr.com/p/3133681991293449,1,0,0,
464,1487604,俞敏洪不在意亏1亿,俞敏洪不在意虧1億,從教育大坑裡爬上來後，董宇輝已經不算坑了。,2025-01-22 19:57:40,36kr,https://36kr.com/p/3133721447619329,1,0,0,
465,1487603,离职三年后，前CTO向寒武纪索赔42亿,離職三年後，前CTO向寒武紀索賠42億,此時的寒武紀尚未盈利，年營收剛超10億。,2025-01-22 19:57:34,36kr,https://36kr.com/p/3133724264283654,1,0,0,
466,1487581,硅谷三巨头组AI联盟，“大腿”特朗普壕砸5000亿美元，网友：有孙正义铁定要黄,硅谷三巨頭組AI聯盟，“大腿”特朗普壕砸5000億美元，網友：有孫正義鐵定要黃,三家頂尖科技大廠本週二宣佈，將共同成立一家名為星際之門（Stargate）的新公司，負責發展美國的 AI 基礎設施體系。,2025-01-22 19:46:51,36kr,https://36kr.com/p/3133695011658242,1,0,0,
467,1487580,AI时代不看独角兽，看10亿Tokens日均消耗,AI時代不看獨角獸，看10億Tokens日均消耗,AI商業化新紅線出現了,2025-01-22 19:46:46,36kr,https://36kr.com/p/3133700018117381,1,0,0,
468,1487579,长沙又一品类，杀向了全国,長沙又一品類，殺向了全國,臭豆腐走向全國,2025-01-22 19:46:42,36kr,https://36kr.com/p/3133673761029633,1,0,0,
469,1487578,20K合成数据就能让大模型能力飙升，还能实现模型自我迭代，上海AI Lab数据合成新范式,20K合成數據就能讓大模型能力飆升，還能實現模型自我迭代，上海AI Lab數據合成新範式,基於世界知識樹打造高質量對話數據,2025-01-22 19:46:36,36kr,https://36kr.com/p/3133707535161859,1,0,0,
470,1487555,最壕DeepSeek玩家8台Mac跑R1，10万+元凑496GB显存才能跑4bit量化版,最壕DeepSeek玩家8臺Mac跑R1，10萬+元湊496GB顯存才能跑4bit量化版,R1發佈36小時，橫掃各大榜單,2025-01-22 19:34:04,36kr,https://36kr.com/p/3133707657828870,1,0,0,
471,1487554,自营渠道买iPhone不参加国补？苹果客服回应,自營渠道買iPhone不參加國補？蘋果客服迴應,iPhone 13國補後跌破3000元，被評最火手機。,2025-01-22 19:33:58,36kr,https://36kr.com/p/3133700254292738,1,0,0,
472,1487552,寻路2025：智能驾驶，足够成熟可靠了吗？,尋路2025：智能駕駛，足夠成熟可靠了嗎？,隨著滲透率快速上升，2025年智能駕駛只講“端到端”可能不夠用了,2025-01-22 19:33:54,36kr,https://36kr.com/p/3133695095020032,1,0,0,
473,1487536,1M长上下文，满血版Gemini 2.0又一次登上Chatbot Arena榜首,1M長上下文，滿血版Gemini 2.0又一次登上Chatbot Arena榜首,才過了一個月，數學能力就提升了 10%,2025-01-22 19:24:34,36kr,https://36kr.com/p/3133599860513540,1,0,0,
474,1487470,出海速递｜OpenAI、软银等科技巨头宣布加入合资项目Stargate/泰国出海“生意经”：不卷低价，不碰灰产，不和华人打交道,出海速遞｜OpenAI、軟銀等科技巨頭宣佈加入合資項目Stargate/泰國出海“生意經”：不卷低價，不碰灰產，不和華人打交道,查閱更多出海好文章，請移步出海官網 letschuhai.com。,2025-01-22 18:54:22,36kr,https://36kr.com/p/3133606274079489,1,0,0,
475,1487469,特朗普签署多项行政命令不利美国电车行业，宁德时代2025年在欧洲有重大合作项目｜海外日报,特朗普簽署多項行政命令不利美國電車行業，寧德時代2025年在歐洲有重大合作項目｜海外日報,1 月 22 日 EV Focus 海外日報,2025-01-22 18:54:16,36kr,https://36kr.com/p/3133717517114112,1,0,0,
476,1487468,直播间越来越贵，“李佳琦们”抛弃打工人？,直播間越來越貴，“李佳琦們”拋棄打工人？,從“性價比”到“質價比”,2025-01-22 18:54:11,36kr,https://36kr.com/p/3133685957286663,1,0,0,
477,1487427,登Nature子刊，北大团队用AI预测新冠/艾滋病/流感病毒进化方向，精度提升67％,登Nature子刊，北大團隊用AI預測新冠/艾滋病/流感病毒進化方向，精度提升67％,可跨病毒類型、跨毒株預測，泛化能力極佳,2025-01-22 18:40:17,36kr,https://36kr.com/p/3133599969352194,1,0,0,
478,1487401,对话宋向前：未来的竞争绝非只是拼规模、比价格,對話宋向前：未來的競爭絕非只是拼規模、比價格,這是個好人做生意的時代，賺辛苦錢才值得人尊敬。,2025-01-22 18:30:49,36kr,https://36kr.com/p/3133666045975047,1,0,0,
479,1487400,《2024年餐饮热门赛道洞察报告》发布：超23条赛道爆火，江西小炒、砂锅菜等有望成为“新顶流”,《2024年餐飲熱門賽道洞察報告》發佈：超23條賽道爆火，江西小炒、砂鍋菜等有望成為“新頂流”,餐飲熱門賽道乘風起！,2025-01-22 18:30:44,36kr,https://36kr.com/p/3133666346130184,1,0,0,
480,1487399,赛力斯重大资产重组过会，或将以82亿元获问界数字化工厂所有权,賽力斯重大資產重組過會，或將以82億元獲問界數字化工廠所有權,據稱已討論赴港二次上市事宜，公司2024年新能源汽車銷量增長183%。,2025-01-22 18:30:40,36kr,https://36kr.com/p/3133463417805573,1,0,0,
481,1487397,中金普洛斯REIT：行业下滑，公司发力“稳租”,中金普洛斯REIT：行業下滑，公司發力“穩租”,2024年物流倉儲市場確實存在較大的壓力，這也體現在了普洛斯REIT的運營指標上。,2025-01-22 18:30:35,36kr,https://36kr.com/p/3133256075221768,1,0,0,
482,1487396,胰岛素“双雄”，业绩冰火两重天,胰島素“雙雄”，業績冰火兩重天,參加同一批集採，為何業績分化？,2025-01-22 18:30:31,36kr,https://36kr.com/p/3133461671156484,1,0,0,
483,1487339,首破百亿美元，奈飞，业绩爆了,首破百億美元，奈飛，業績爆了,奈飛的成功密碼是什麼？,2025-01-22 18:15:52,36kr,https://36kr.com/p/3133602769771016,1,0,0,
484,1487338,截胡OpenAI，清华复旦等抢先开源智能体框架Eko，一句话打造「虚拟员工」,截胡OpenAI，清華復旦等搶先開源智能體框架Eko，一句話打造「虛擬員工」,Eko框架：快速構建虛擬員工，實現高效自動化。,2025-01-22 18:15:47,36kr,https://36kr.com/p/3133600485005831,1,0,0,
485,1487337,年度盘点：产业互联网平台增长何处来？出海、产业带、AI,年度盤點：產業互聯網平臺增長何處來？出海、產業帶、AI,雄關漫道真如鐵，而今邁步從頭越。,2025-01-22 18:15:41,36kr,https://36kr.com/p/3133666040158979,1,0,0,
486,1487312,多元生态与行业创新，斗鱼正走在改革的路上,多元生態與行業創新，鬥魚正走在改革的路上,在電競直播競爭白熱化的當下，鬥魚如何通過自制賽事鞏固其行業地位？背後又展現了怎樣的資源和能力？,2025-01-22 18:06:41,36kr,https://36kr.com/p/3133643303197448,1,0,0,
487,1487311,“绝版车”维修困境：配件短缺、软件封锁、入狱警告,“絕版車”維修困境：配件短缺、軟件封鎖、入獄警告,修車沒件，有件沒技術，有技術缺人。,2025-01-22 18:06:36,36kr,https://36kr.com/p/3133616733952512,1,0,0,
488,1487310,杨子、麦琳直播背后，MCN的2025开年大考,楊子、麥琳直播背後，MCN的2025開年大考,再見愛人下半場，迴歸無憂、蜂群MCN之爭。,2025-01-22 18:06:31,36kr,https://36kr.com/p/3133616839858688,1,0,0,
489,1487309,氪星晚报｜新加坡邮政任命Isaac Mah为集团首席财务官；字节跳动计划在2025年斥资120亿美元开发AI芯片；春运车票累计发售2.57亿张,氪星晚報｜新加坡郵政任命Isaac Mah為集團首席財務官；字節跳動計劃在2025年斥資120億美元開發AI芯片；春運車票累計發售2.57億張,2024年國內出遊人次56.15億，同比增長14.8%,2025-01-22 18:06:26,36kr,https://36kr.com/p/3133595555158793,1,0,0,
490,1487308,李飞飞：语言之外，另一半的智能还有待实现,李飛飛：語言之外，另一半的智能還有待實現,「語言是人類的語言，而 3D 是自然的語言。」,2025-01-22 18:06:21,36kr,https://36kr.com/p/3133617086765829,1,0,0,
491,1487306,短剧出海，围剿字节,短劇出海，圍剿字節,鹿死誰手？,2025-01-22 18:06:16,36kr,https://36kr.com/p/3133624651874050,1,0,0,
492,1487250,采访20位营销大咖，预测2025增长红利,採訪20位營銷大咖，預測2025增長紅利,2025營銷趨勢：品牌價值、個性體驗、AI技術、全球化佈局。,2025-01-22 17:51:09,36kr,https://36kr.com/p/3133608481037061,1,0,0,
493,1487214,41％博士后逃生学术界，顶刊PNAS揭残酷真相，名校光环背后曝职业危机,41％博士後逃生學術界，頂刊PNAS揭殘酷真相，名校光環背後曝職業危機,41%博士後離開學術界，發表成果影響教職機會。,2025-01-22 17:36:28,36kr,https://36kr.com/p/3133600559930120,1,0,0,
494,1487213,UC伯克利等提出具身智能「动作Tokenizer」，效率飙升5倍,UC伯克利等提出具身智能「動作Tokenizer」，效率飆升5倍,FAST：提升機器人訓練效率的動作Tokenizer。,2025-01-22 17:36:22,36kr,https://36kr.com/p/3133600514955783,1,0,0,
495,1487211,​小红书全球爆火背后，是美国社交巨头的“溃不成军”,​小紅書全球爆火背後，是美國社交巨頭的“潰不成軍”,國內互聯網應用的強勢增長，反面是美國互聯網巨頭們的發展倒退,2025-01-22 17:36:17,36kr,https://36kr.com/p/3133595141724673,1,0,0,
496,1487209,“把想骂甲方的脏话润色成马屁？” 打工人花高价跟AI学高情商发言越看越阴阳怪气,“把想罵甲方的髒話潤色成馬屁？” 打工人花高價跟AI學高情商發言越看越陰陽怪氣,職場需要人機,2025-01-22 17:36:13,36kr,https://36kr.com/p/3133579068217860,1,0,0,
497,1487208,手机厂商狂卷春节档营销：用AI加年味，系统主题拼“情绪价值”,手機廠商狂卷春節檔營銷：用AI加年味，系統主題拼“情緒價值”,手機春節檔營銷大戰硝煙瀰漫。,2025-01-22 17:36:08,36kr,https://36kr.com/p/3133415604862720,1,0,0,
498,1487207,谁在投资寒武纪,誰在投資寒武紀,夢想的交接棒,2025-01-22 17:36:03,36kr,https://36kr.com/p/3133569850300934,1,0,0,
499,1487206,土味短剧，凭什么能“碾压”半个互联网？,土味短劇，憑什麼能“碾壓”半個互聯網？,花更少的錢，尋找更大的樂子,2025-01-22 17:35:58,36kr,https://36kr.com/p/3133595006573057,1,0,0,
